date,text,img_path
14 Dec 23,"POPIFRESCO
JAVIERMENG
6B+. You graded this problem 6B+.
Feet follow hands
Project
40° MoonBoard
2",./images/POPIFRESCO.png
14 Dec 23,"THE SENDTRAIN
Ben Rankin
6C. You graded this problem 6C.
Feet follow hands
You rated this problem
2nd try
40° MoonBoard",./images/THE_SENDTRAIN.png
14 Dec 23,"BORNEO
Stuart Ivory
7A. You graded this problem 6C+.
Feet follow hands
You rated this problem
Flashed
40° MoonBoard",./images/BORNEO.png
14 Dec 23,"BUTOLOGIA
nicholas farenzena
6C. You graded this problem 6C.
Feet follow hands
You rated this problem
Flashed
40° MoonBoard",./images/BUTOLOGIA.png
14 Dec 23,"FINGER LICKIN EASY
Kyle Knapp
6B+. You graded this problem 6C.
Feet follow hands
You rated this problem
Flashed
40° MoonBoard",./images/FINGER_LICKIN_EASY.png
12 Dec 23,"¡APUNT****!
AJ Rimes
6B+. You graded this problem 6B+.
Feet follow hands
You rated this problem
Flashed
40° MoonBoard",./images/¡APUNT****!.png
12 Dec 23,"FINGER LICKIN EASY
Kyle Knapp
6B+. You graded this problem 6C.
Feet follow hands
Project
40° MoonBoard
3",./images/FINGER_LICKIN_EASY.png
12 Dec 23,"FEET CUTTING VAR
Bobby Shih
7A
Feet follow hands
Project
40° MoonBoard
3",./images/FEET_CUTTING_VAR.png
12 Dec 23,"BORNEO
Stuart Ivory
7A. You graded this problem 6C+.
Feet follow hands
You rated this problem
More than 3 tries (6)
40° MoonBoard",./images/BORNEO.png
12 Dec 23,"DES GROS CUTLOOSE PAS RAP
Jean-claude Savard
6C
Feet follow hands
Project
40° MoonBoard
1",./images/DES_GROS_CUTLOOSE_PAS_RAP.png
07 Dec 23,"TCA COMP 1
Ben Moon
6B+. You graded this problem 6B+.
Feet follow hands
You rated this problem
Flashed
40° MoonBoard",./images/TCA_COMP_1.png
07 Dec 23,"AB1
adrien baudouin
6B+. You graded this problem 6B+.
Feet follow hands
You rated this problem
Flashed
40° MoonBoard",./images/AB1.png
07 Dec 23,"RYAN TEST 1
Jen
6B+. You graded this problem 6B+.
Feet follow hands
You rated this problem
Flashed
40° MoonBoard",./images/RYAN_TEST_1.png
07 Dec 23,"DES GROS CUTLOOSE PAS RAP
Jean-claude Savard
6C. You graded this problem 6C+.
Feet follow hands
Project
40° MoonBoard
3",./images/DES_GROS_CUTLOOSE_PAS_RAP.png
07 Dec 23,"UH-HUH
Alex Arroyo
7A. You graded this problem 6C+.
Feet follow hands
Project
40° MoonBoard
3",./images/UH-HUH.png
07 Dec 23,"B.O.B.
Randall Baum
7A. You graded this problem 7A.
Feet follow hands
Project
40° MoonBoard
3",./images/B.O.B..png
05 Dec 23,"CATCH'M
Melissa Clements
6B+. You graded this problem 6B+.
Feet follow hands
You rated this problem
Flashed
40° MoonBoard",./images/CATCH'M.png
05 Dec 23,"USE THOSE FEET
Eddie
6B+
Feet follow hands
You rated this problem
2nd try
40° MoonBoard",./images/USE_THOSE_FEET.png
05 Dec 23,"AB3
adrien baudouin
6B+. You graded this problem 6B+.
Feet follow hands
You rated this problem
Flashed
40° MoonBoard",./images/AB3.png
05 Dec 23,"REPEATER
Kyle Knapp
6B+. You graded this problem 6B+.
Feet follow hands
You rated this problem
2nd try
40° MoonBoard",./images/REPEATER.png
05 Dec 23,"SALTEDBLOCKS 2
Martin Blizi
6C. You graded this problem 6C+.
Feet follow hands
You rated this problem
2nd try
40° MoonBoard",./images/SALTEDBLOCKS_2.png
05 Dec 23,"DOUBLE CROSS
Kyle Knapp
6C. You graded this problem 6C+.
Feet follow hands
You rated this problem
3rd try
40° MoonBoard
matched 8. crossed last move to make up the double..",./images/DOUBLE_CROSS.png
05 Dec 23,"MAFFEI
Riccardo Caprasecca
6C. You graded this problem 6C+.
Feet follow hands
Project
40° MoonBoard
3",./images/MAFFEI.png
02 Dec 23,"S.U.N
Hoseok Lee
6B+. You graded this problem 6B+.
Feet follow hands
You rated this problem
Flashed
40° MoonBoard",./images/S.U.N.png
02 Dec 23,"SOPHIE'S QUESTIONS (V3)
Chris Wall
6B+. You graded this problem 6B+.
Feet follow hands
You rated this problem
Flashed
40° MoonBoard",./images/SOPHIE'S_QUESTIONS_(V3).png
02 Dec 23,"MAN WALKS DOWN THE STREET
mattw
6B+. You graded this problem 6B+.
Feet follow hands
You rated this problem
Flashed
40° MoonBoard",./images/MAN_WALKS_DOWN_THE_STREET.png
02 Dec 23,"GRIFETE HANDS
edu moya
6C. You graded this problem 6C.
Feet follow hands
Project
40° MoonBoard
2",./images/GRIFETE_HANDS.png
02 Dec 23,"WAITING FOR HARDTIMES
James Lucas
6C
Feet follow hands
Project
40° MoonBoard
3",./images/WAITING_FOR_HARDTIMES.png
02 Dec 23,"SALTEDBLOCKS 2
Martin Blizi
6C
Feet follow hands
Project
40° MoonBoard
2",./images/SALTEDBLOCKS_2.png
02 Dec 23,"MAFFEI
Riccardo Caprasecca
6C. You graded this problem 6C+.
Feet follow hands
Project
40° MoonBoard
2",./images/MAFFEI.png
02 Dec 23,"ATAUALPA
Ale Alekos
6C. You graded this problem 6B+.
Feet follow hands
You rated this problem
Flashed
40° MoonBoard",./images/ATAUALPA.png
02 Dec 23,"ATAUALPA
Ale Alekos
6C. You graded this problem 6B+.
Feet follow hands
You rated this problem
Flashed
40° MoonBoard",./images/ATAUALPA.png
02 Dec 23,"FULL MOON PARTY
Kyle Knapp
6C. You graded this problem 6C.
Feet follow hands
You rated this problem
Flashed
40° MoonBoard",./images/FULL_MOON_PARTY.png
02 Dec 23,"FULL MOON PARTY
Kyle Knapp
6C. You graded this problem 6C.
Feet follow hands
You rated this problem
Flashed
40° MoonBoard",./images/FULL_MOON_PARTY.png
30 Nov 23,"OUCH
Eric Nguyen
6B+. You graded this problem 6B+.
Feet follow hands
You rated this problem
Flashed
40° MoonBoard",./images/OUCH.png
30 Nov 23,"EAT THY CAKE
Ravioli Biceps
6B+. You graded this problem 6B+.
Feet follow hands
You rated this problem
2nd try
40° MoonBoard
fun",./images/EAT_THY_CAKE.png
30 Nov 23,"AB5
adrien baudouin
6B+. You graded this problem 6B+.
Feet follow hands
You rated this problem
Flashed
40° MoonBoard",./images/AB5.png
30 Nov 23,"BASTION
Kilgour22
6C. You graded this problem 6C.
Feet follow hands
You rated this problem
2nd try
40° MoonBoard",./images/BASTION.png
30 Nov 23,"DOUBLE CROSS
Kyle Knapp
6C
Feet follow hands
Project
40° MoonBoard
2",./images/DOUBLE_CROSS.png
30 Nov 23,"MAFFEI
Riccardo Caprasecca
6C. You graded this problem 6C+.
Feet follow hands
Project
40° MoonBoard
2",./images/MAFFEI.png
28 Nov 23,"WARMING UP
Chad Jensen
6B+. You graded this problem 6B+.
Feet follow hands
You rated this problem
Flashed
40° MoonBoard",./images/WARMING_UP.png
28 Nov 23,"1K
Bryant Noble
6B+. You graded this problem 6B+.
Feet follow hands
You rated this problem
Flashed
40° MoonBoard",./images/1K.png
28 Nov 23,"GORILLA BEGINS(6A/V3)
Jay Choi
6B+. You graded this problem 6B+.
Feet follow hands
You rated this problem
Flashed
40° MoonBoard",./images/GORILLA_BEGINS(6A/V3).png
28 Nov 23,"LOW CARB VAR
Ben Moon
6C. You graded this problem 6C.
Feet follow hands
Project
40° MoonBoard
5",./images/LOW_CARB_VAR.png
28 Nov 23,"SALTEDBLOCKS 2
Martin Blizi
6C. You graded this problem 6C.
Feet follow hands
Project
40° MoonBoard
4",./images/SALTEDBLOCKS_2.png
26 Nov 23,"UP AND OVER
Alex Smurthwaite
6B+. You graded this problem 6B+.
Feet follow hands
You rated this problem
Flashed
40° MoonBoard",./images/UP_AND_OVER.png
26 Nov 23,"FIRST STEP
Riccardo Caprasecca
6B+. You graded this problem 6B+.
Feet follow hands
You rated this problem
Flashed
40° MoonBoard",./images/FIRST_STEP.png
26 Nov 23,"1
Hugo Hoyer
6B+. You graded this problem 6B+.
Feet follow hands
You rated this problem
Flashed
40° MoonBoard",./images/1.png
26 Nov 23,"SURESHOT
Danny Hupp
6C. You graded this problem 6C.
Feet follow hands
Project
40° MoonBoard
3",./images/SURESHOT.png
26 Nov 23,"WAITING FOR HARDTIMES
James Lucas
6C
Feet follow hands
Project
40° MoonBoard
2",./images/WAITING_FOR_HARDTIMES.png
23 Nov 23,"EASY-PEASY LEMON SQUEEZY
Movement Crew
6B+
Feet follow hands
You rated this problem
Flashed
40° MoonBoard",./images/EASY-PEASY_LEMON_SQUEEZY.png
23 Nov 23,"JUST ANOTHER DAY
Reuben Mardan
6C
Feet follow hands
You rated this problem
2nd try
40° MoonBoard",./images/JUST_ANOTHER_DAY.png
23 Nov 23,"ARIGGARI
KoalaClimbing
6C
Feet follow hands
You rated this problem
3rd try
40° MoonBoard
matched",./images/ARIGGARI.png
23 Nov 23,"BANANARAMA
Blake Lehmans
6C. You graded this problem 6B+.
Feet follow hands
You rated this problem
Flashed
40° MoonBoard",./images/BANANARAMA.png
23 Nov 23,"ACG30
bkkim
6C. You graded this problem 6C.
Feet follow hands
You rated this problem
2nd try
40° MoonBoard",./images/ACG30.png
21 Nov 23,"FAR FROM THE MADDING CROWD
Ben Moon
6B+
Feet follow hands
You rated this problem
Flashed
40° MoonBoard",./images/FAR_FROM_THE_MADDING_CROWD.png
21 Nov 23,"AL A GAIT OR?
mattw
6B+
Feet follow hands
You rated this problem
Flashed
40° MoonBoard",./images/AL_A_GAIT_OR?.png
21 Nov 23,"BUTOLOGIA
nicholas farenzena
6C
Feet follow hands
You rated this problem
3rd try
40° MoonBoard",./images/BUTOLOGIA.png
21 Nov 23,"ASTRO CREEP
Jonny Summers
6B+
Feet follow hands
You rated this problem
More than 3 tries (30)
40° MoonBoard",./images/ASTRO_CREEP.png
16 Nov 23,"7STÖCKE
gert Lerchster
6B+
Feet follow hands
You rated this problem
Flashed
40° MoonBoard",./images/7STÖCKE.png
16 Nov 23,"BURNING SENDERS
alvaro rangel
6B+
Feet follow hands
Project
40° MoonBoard
2",./images/BURNING_SENDERS.png
16 Nov 23,"ASTRO CREEP
Jonny Summers
6B+
Feet follow hands
Project
40° MoonBoard
2",./images/ASTRO_CREEP.png
16 Nov 23,"WHAAAAT
Michael Montella
6C. You graded this problem 6B+.
Feet follow hands
You rated this problem
Flashed
40° MoonBoard",./images/WHAAAAT.png
16 Nov 23,"HOLD THE SWING
Duncan Brown
6C. You graded this problem 6C.
Feet follow hands
You rated this problem
Flashed
40° MoonBoard",./images/HOLD_THE_SWING.png
16 Nov 23,"LOW CARB VAR
Ben Moon
6C
Feet follow hands
Project
40° MoonBoard
2",./images/LOW_CARB_VAR.png
16 Nov 23,"BUTOLOGIA
nicholas farenzena
6C
Feet follow hands
Project
40° MoonBoard
3",./images/BUTOLOGIA.png
14 Nov 23,"AMPHORA
Riccardo Caprasecca
6B+
Feet follow hands
You rated this problem
3rd try
40° MoonBoard",./images/AMPHORA.png
14 Nov 23,"SEND TRAIN
Kyle Knapp
6B+
Feet follow hands
You rated this problem
2nd try
40° MoonBoard",./images/SEND_TRAIN.png
14 Nov 23,"SWITCHEROO
Alfred Wold Oftebro
6C
Feet follow hands
You rated this problem
3rd try
40° MoonBoard",./images/SWITCHEROO.png
14 Nov 23,"FLOAT LIKE A BUTTERFLY
Kyle Knapp
6C
Feet follow hands
Project
40° MoonBoard
3",./images/FLOAT_LIKE_A_BUTTERFLY.png
09 Nov 23,"MOONING
levi jackson
6C
Feet follow hands
Project
40° MoonBoard
2",./images/MOONING.png
09 Nov 23,"ATAUALPA
Ale Alekos
6C
Feet follow hands
You rated this problem
Flashed
40° MoonBoard",./images/ATAUALPA.png
09 Nov 23,"JUST ANOTHER DAY
Reuben Mardan
6C
Feet follow hands
You rated this problem
2nd try
40° MoonBoard",./images/JUST_ANOTHER_DAY.png
09 Nov 23,"ATTILALALA
Simon Sjöstrand
6C
Feet follow hands
Project
40° MoonBoard
2",./images/ATTILALALA.png
21 Oct 23,"WARM UP 1031
lyndsey
6B+
Feet follow hands
You rated this problem
Flashed
40° MoonBoard",./images/WARM_UP_1031.png
21 Oct 23,"IN MY APPROACH SHOES...
Kyle Knapp
6B+
Feet follow hands
You rated this problem
Flashed
40° MoonBoard",./images/IN_MY_APPROACH_SHOES....png
17 Oct 23,"DIVESTMENT PLAN
will winham
6B+
Feet follow hands
You rated this problem
2nd try
40° MoonBoard",./images/DIVESTMENT_PLAN.png
17 Oct 23,"YOU GET A CAR
Mfi
6B+
Feet follow hands
You rated this problem
Flashed
40° MoonBoard",./images/YOU_GET_A_CAR.png
17 Oct 23,"CIAO BAMBINO
Krzysztof Lewko
6B+
Feet follow hands
You rated this problem
3rd try
40° MoonBoard",./images/CIAO_BAMBINO.png
17 Oct 23,"SOLIDARITY
Kilgour22
6B+
Feet follow hands
You rated this problem
2nd try
40° MoonBoard",./images/SOLIDARITY.png
17 Oct 23,"I'M NOT A SETTER
Emilee Sudweeks
6B+
Feet follow hands
Project
40° MoonBoard",./images/I'M_NOT_A_SETTER.png
17 Oct 23,"FORSØK 25
atoneni
6B+
Feet follow hands
You rated this problem
Flashed
40° MoonBoard",./images/FORSØK_25.png
17 Oct 23,"EASY DOES IT
Reuben Mardan
6B+
Feet follow hands
Project
40° MoonBoard
2",./images/EASY_DOES_IT.png
14 Oct 23,"MOONING
levi jackson
6C
Feet follow hands
Project
40° MoonBoard
3",./images/MOONING.png
10 Oct 23,"LE UOVA SODE
Ale Alekos
6C
Feet follow hands
You rated this problem
2nd try
40° MoonBoard",./images/LE_UOVA_SODE.png
10 Oct 23,"ELANOMOUS
Andrew Smythe
6C
Feet follow hands
You rated this problem
3rd try
40° MoonBoard",./images/ELANOMOUS.png
10 Oct 23,"SLAB TRAINING
erik massih
6C
Feet follow hands
You rated this problem
3rd try
40° MoonBoard",./images/SLAB_TRAINING.png
07 Oct 23,"QUARANTINE #4
Erin Daniel
6B+
Feet follow hands
You rated this problem
3rd try
40° MoonBoard",./images/QUARANTINE_#4.png
07 Oct 23,"TRAINING WHEEL
Andrew
6B+. You graded this problem 6B+.
Feet follow hands
Project (2)
40° MoonBoard",./images/TRAINING_WHEEL.png
07 Oct 23,"HATHA YOGA
janezkranjski
6B+. You graded this problem 6B+.
Feet follow hands
Project (2)
40° MoonBoard",./images/HATHA_YOGA.png
07 Oct 23,"ATAUALPA
Ale Alekos
6C
Feet follow hands
You rated this problem
Flashed
40° MoonBoard",./images/ATAUALPA.png
03 Oct 23,"WUTHERING HEIGHTS
Ben Moon
6B+
Feet follow hands
You rated this problem
Flashed
40° MoonBoard",./images/WUTHERING_HEIGHTS.png
03 Oct 23,"TE GUSTA?
Paul Robinson
6B+
Feet follow hands
You rated this problem
Flashed
40° MoonBoard",./images/TE_GUSTA?.png
03 Oct 23,"THE SPLATTER EFFECT
Ian Cavanaugh
6B+
Feet follow hands
You rated this problem
Flashed
40° MoonBoard",./images/THE_SPLATTER_EFFECT.png
03 Oct 23,"FORSØK 17
atoneni
6B+
Feet follow hands
You rated this problem
Flashed
40° MoonBoard",./images/FORSØK_17.png
03 Oct 23,"EASY DOES IT
Reuben Mardan
6B+. You graded this problem 6B+.
Feet follow hands
Project (2)
40° MoonBoard",./images/EASY_DOES_IT.png
28 Sep 23,"WUTHERING HEIGHTS
Ben Moon
6B+
Feet follow hands
You rated this problem
Flashed
40° MoonBoard",./images/WUTHERING_HEIGHTS.png
28 Sep 23,"STANDARD AND POOR'S
Vincent Minecci
6B+
Feet follow hands
You rated this problem
2nd try
40° MoonBoard",./images/STANDARD_AND_POOR'S.png
28 Sep 23,"I'M NOT A SETTER
Emilee Sudweeks
6B+. You graded this problem 6B+.
Feet follow hands
Project (2)
40° MoonBoard",./images/I'M_NOT_A_SETTER.png
28 Sep 23,"RISCALDAMENTO TIA 6A
Federico Camboni
6B+
Feet follow hands
You rated this problem
2nd try
40° MoonBoard",./images/RISCALDAMENTO_TIA_6A.png
28 Sep 23,"TBA WARMUP 1
Luis Rodriguez
6B+. You graded this problem 6B+.
Feet follow hands
Project (1)
40° MoonBoard",./images/TBA_WARMUP_1.png
28 Sep 23,"FORSØK 25
atoneni
6B+. You graded this problem 6B+.
Feet follow hands
Project (2)
40° MoonBoard",./images/FORSØK_25.png
26 Sep 23,"V4 FLASH
Tom Mavrovic
6B+
Feet follow hands
You rated this problem
Flashed
40° MoonBoard",./images/V4_FLASH.png
26 Sep 23,"BZ - MYSTIC RHYTHMS
Thomas Watts
6B+
Feet follow hands
You rated this problem
2nd try
40° MoonBoard",./images/BZ_-_MYSTIC_RHYTHMS.png
26 Sep 23,"ATTIC V - 2
Jo
6B+
Feet follow hands
You rated this problem
Flashed
40° MoonBoard",./images/ATTIC_V_-_2.png
26 Sep 23,"IN MY APPROACH SHOES...
Kyle Knapp
6B+. You graded this problem 6B+.
Feet follow hands
Project (2)
40° MoonBoard",./images/IN_MY_APPROACH_SHOES....png
26 Sep 23,"DISPENSORY
Luis Rodriguez
6B+
Feet follow hands
You rated this problem
2nd try
40° MoonBoard",./images/DISPENSORY.png
26 Sep 23,"CHOSSY MESS
orion feist
6B+
Feet follow hands
You rated this problem
Flashed
40° MoonBoard",./images/CHOSSY_MESS.png
22 Sep 23,"QUARANTINE #4
Erin Daniel
6B+
Feet follow hands
You rated this problem
Flashed
40° MoonBoard",./images/QUARANTINE_#4.png
22 Sep 23,"DIVESTMENT PLAN
will winham
6B+
Feet follow hands
You rated this problem
Flashed
40° MoonBoard",./images/DIVESTMENT_PLAN.png
22 Sep 23,"SOLIDARITY
Kilgour22
6B+. You graded this problem 6B+.
Feet follow hands
Project (1)
40° MoonBoard",./images/SOLIDARITY.png
22 Sep 23,"V4 FLASH
Tom Mavrovic
6B+
Feet follow hands
You rated this problem
Flashed
40° MoonBoard",./images/V4_FLASH.png
22 Sep 23,"BZ - MYSTIC RHYTHMS
Thomas Watts
6B+. You graded this problem 6B+.
Feet follow hands
Project (1)
40° MoonBoard",./images/BZ_-_MYSTIC_RHYTHMS.png
22 Sep 23,"YOU GET A CAR
Mfi
6B+
Feet follow hands
You rated this problem
Flashed
40° MoonBoard",./images/YOU_GET_A_CAR.png
22 Sep 23,"WARM UP 1031
lyndsey
6B+. You graded this problem 6B+.
Feet follow hands
Project (2)
40° MoonBoard",./images/WARM_UP_1031.png
22 Sep 23,"EASY-PEASY LEMON SQUEEZY
Movement Crew
6B+
Feet follow hands
You rated this problem
Flashed
40° MoonBoard",./images/EASY-PEASY_LEMON_SQUEEZY.png
22 Sep 23,"MAGGIE’S PROBLEM
Taylor Kosman
6B+
Feet follow hands
You rated this problem
Flashed
40° MoonBoard",./images/MAGGIE’S_PROBLEM.png
18 Jul 23,"SAR&MAR-BEAR CLIMB
Beaves
6B+. You graded this problem 6B+.
Feet follow hands
You rated this problem
Flashed
40° MoonBoard",./images/SAR&MAR-BEAR_CLIMB.png
18 Jul 23,"PROJECT PAR PAR
Colin Mcnally
6B+. You graded this problem 6B+.
Feet follow hands
You rated this problem
Flashed
40° MoonBoard",./images/PROJECT_PAR_PAR.png
18 Jul 23,"ONE SUMMER EASY
Ben Moon
6C+. You graded this problem 6C+.
Feet follow hands
Project (3)
40° MoonBoard",./images/ONE_SUMMER_EASY.png
18 Jul 23,"DANIELSAN
Jack Folkes
6C+. You graded this problem 6C+.
Feet follow hands
Project (3)
40° MoonBoard",./images/DANIELSAN.png
13 Jul 23,"POGO
luke hutcheson
7A. You graded this problem 7A.
Feet follow hands
You rated this problem
2nd try
40° MoonBoard",./images/POGO.png
02 Jul 23,"LORD REIDUN
Chad Jensen
6B+. You graded this problem 6B+.
Feet follow hands
You rated this problem
Flashed
40° MoonBoard",./images/LORD_REIDUN.png
02 Jul 23,"BACK THREE-SOME: 3EA HAND
Will Crowther
6B+. You graded this problem 6B+.
Feet follow hands
You rated this problem
Flashed
40° MoonBoard",./images/BACK_THREE-SOME:_3EA_HAND.png
02 Jul 23,"AMBERJACK
Bryant Noble
6B+. You graded this problem 6B+.
Feet follow hands
You rated this problem
Flashed
40° MoonBoard",./images/AMBERJACK.png
20 Jun 23,"JUST ANOTHER DAY
Reuben Mardan
6C
Feet follow hands
You rated this problem
Flashed
40° MoonBoard",./images/JUST_ANOTHER_DAY.png
20 Jun 23,"ATAUALPA
Ale Alekos
6C
Feet follow hands
You rated this problem
Flashed
40° MoonBoard",./images/ATAUALPA.png
20 Jun 23,"LE UOVA SODE
Ale Alekos
6C
Feet follow hands
You rated this problem
Flashed
40° MoonBoard",./images/LE_UOVA_SODE.png
20 Jun 23,"RIGHTNESS, PT.3
Alex Arroyo
6C+. You graded this problem 6C.
Feet follow hands
You rated this problem
3rd try
40° MoonBoard","./images/RIGHTNESS,_PT.3.png"
20 Jun 23,"DANIELSAN
Jack Folkes
6C+. You graded this problem 6C+.
Feet follow hands
Project (3)
40° MoonBoard",./images/DANIELSAN.png
17 Jun 23,"POGO
luke hutcheson
7A. You graded this problem 7A.
Feet follow hands
Project (3)
40° MoonBoard",./images/POGO.png
17 Jun 23,"POGO
luke hutcheson
7A. You graded this problem 7A.
Feet follow hands
You rated this problem
more than 3 tries (5)
40° MoonBoard",./images/POGO.png
17 Jun 23,"KEMAL'S VAR
Garry Williams
7A. You graded this problem 7A.
Feet follow hands
Project (3)
40° MoonBoard",./images/KEMAL'S_VAR.png
15 Jun 23,"TOODLE
RAMRAM
6B+. You graded this problem 6B+.
Feet follow hands
Project (3)
40° MoonBoard",./images/TOODLE.png
15 Jun 23,"GRAB THE D
Martin Heald
6C. You graded this problem 6C.
Feet follow hands
Project (3)
40° MoonBoard",./images/GRAB_THE_D.png
15 Jun 23,"HAVE FUN 3P0
lifeframed_jw
6B+. You graded this problem 6B+.
Feet follow hands
You rated this problem
2nd try
40° MoonBoard",./images/HAVE_FUN_3P0.png
13 Jun 23,"SLOWLY
redflavor
6B. You graded this problem 6B+.
Feet follow hands
You rated this problem
Flashed
40° MoonBoard",./images/SLOWLY.png
13 Jun 23,"WARMUP FOOT CUT
RJtrials
6B. You graded this problem 6B+.
Feet follow hands
You rated this problem
Flashed
40° MoonBoard",./images/WARMUP_FOOT_CUT.png
13 Jun 23,"WARM UP FINGAS VERSION 2
Micur
6B+. You graded this problem 6B+.
Feet follow hands
You rated this problem
Flashed
40° MoonBoard",./images/WARM_UP_FINGAS_VERSION_2.png
13 Jun 23,"GRAB THE D
Martin Heald
6C. You graded this problem 6C.
Feet follow hands
Project (3)
40° MoonBoard",./images/GRAB_THE_D.png
13 Jun 23,"1817
Randall Baum
6C. You graded this problem 6C.
Feet follow hands
Project (3)
40° MoonBoard",./images/1817.png
13 Jun 23,"HORSESHOE
Ravioli Biceps
6C. You graded this problem 6C.
Feet follow hands
Project (2)
40° MoonBoard",./images/HORSESHOE.png
07 Jun 23,"LINKSVERSIFFTE SCH
Furie
6B+. You graded this problem 6B+.
Feet follow hands
You rated this problem
Flashed
40° MoonBoard",./images/LINKSVERSIFFTE_SCH.png
01 Jun 23,"DRAWING BOARD
Kyle Knapp
6B+. You graded this problem 6B+.
Feet follow hands
You rated this problem
2nd try
40° MoonBoard",./images/DRAWING_BOARD.png
01 Jun 23,"UH-HUH WRONG
danhult
6B+. You graded this problem 6B+.
Feet follow hands
Project (2)
40° MoonBoard",./images/UH-HUH_WRONG.png
01 Jun 23,"YOURS
Felicity Holt
6C. You graded this problem 6C.
Feet follow hands
You rated this problem
2nd try
40° MoonBoard",./images/YOURS.png
01 Jun 23,"ELANOMOUS
Andrew Smythe
6C. You graded this problem 6C.
Feet follow hands
Project (2)
40° MoonBoard",./images/ELANOMOUS.png
30 May 23,"272966
Mystery Frog Man
6B+. You graded this problem 6B+.
Feet follow hands
You rated this problem
Flashed
40° MoonBoard",./images/272966.png
30 May 23,"(*)(*)FAKE
Mystery Frog Man
6B+. You graded this problem 6B+.
Feet follow hands
You rated this problem
Flashed
40° MoonBoard",./images/(*)(*)FAKE.png
30 May 23,"KEMAL'S VAR
Garry Williams
7A. You graded this problem 7A.
Feet follow hands
Project (3)
40° MoonBoard",./images/KEMAL'S_VAR.png
30 May 23,"POGO
luke hutcheson
7A. You graded this problem 7A.
Feet follow hands
Project (3)
40° MoonBoard",./images/POGO.png
27 May 23,"MOONING
levi jackson
6C. You graded this problem 6C.
Feet follow hands
Project (3)
40° MoonBoard",./images/MOONING.png
27 May 23,"REMO
Riccardo Caprasecca
6B+. You graded this problem 6B+.
Feet follow hands
Project (2)
40° MoonBoard",./images/REMO.png
27 May 23,"MOONWARS MILLENNIUMFALCON
Stefano Ghisolfi
6C. You graded this problem 6C.
Feet follow hands
You rated this problem
3rd try
40° MoonBoard",./images/MOONWARS_MILLENNIUMFALCON.png
20 May 23,"EASY DOES IT
Reuben Mardan
6B+. You graded this problem 6B+.
Feet follow hands
Project (3)
40° MoonBoard",./images/EASY_DOES_IT.png
20 May 23,"CIAO BAMBINO
Krzysztof Lewko
6B+. You graded this problem 6B+.
Feet follow hands
You rated this problem
2nd try
40° MoonBoard",./images/CIAO_BAMBINO.png
18 May 23,"TBA WARMUP 1
Luis Rodriguez
6B+. You graded this problem 6B+.
Feet follow hands
You rated this problem
2nd try
40° MoonBoard",./images/TBA_WARMUP_1.png
18 May 23,"DR. PINCH
Alex Distefano
6B+. You graded this problem 6B+.
Feet follow hands
You rated this problem
Flashed
40° MoonBoard",./images/DR._PINCH.png
09 May 23,"APOLOTE BITE
lairadelasrocas
6B+. You graded this problem 6B+.
Feet follow hands
You rated this problem
Flashed
40° MoonBoard",./images/APOLOTE_BITE.png
09 May 23,"UH-HUH WRONG
danhult
6B+. You graded this problem 6B+.
Feet follow hands
Project (3)
40° MoonBoard",./images/UH-HUH_WRONG.png
07 May 23,"TRAINING WHEEL
Andrew
6B+. You graded this problem 6B+.
Feet follow hands
You rated this problem
Flashed
40° MoonBoard",./images/TRAINING_WHEEL.png
07 May 23,"IUGIN
Alex Zonato
6B+. You graded this problem 6B+.
Feet follow hands
You rated this problem
2nd try
40° MoonBoard",./images/IUGIN.png
07 May 23,"COSMIC EASY
Mike Shewring
6B+. You graded this problem 6B+.
Feet follow hands
You rated this problem
Flashed
40° MoonBoard",./images/COSMIC_EASY.png
07 May 23,"MIKE AND THE GIRLS
9 degrees
6B+. You graded this problem 6B+.
Feet follow hands
You rated this problem
2nd try
40° MoonBoard",./images/MIKE_AND_THE_GIRLS.png
07 May 23,"POPIFRESCO
JAVIERMENG
6B+. You graded this problem 6B+.
Feet follow hands
You rated this problem
2nd try
40° MoonBoard",./images/POPIFRESCO.png
07 May 23,"PENGUIN’S DANCE
Vince Phong
6B+. You graded this problem 6B+.
Feet follow hands
You rated this problem
Flashed
40° MoonBoard",./images/PENGUIN’S_DANCE.png
07 May 23,"BUILD A BEAR
Keithy
6B+. You graded this problem 6B+.
Feet follow hands
You rated this problem
Flashed
40° MoonBoard",./images/BUILD_A_BEAR.png
07 May 23,"ONE UPPER
Brendan Leader
6B+. You graded this problem 6B+.
Feet follow hands
You rated this problem
2nd try
40° MoonBoard",./images/ONE_UPPER.png
06 May 23,"CRUISER
Kilgour22
6B+. You graded this problem 6B+.
Feet follow hands
You rated this problem
Flashed
40° MoonBoard",./images/CRUISER.png
06 May 23,"ENTRY EXAM
Jstar
6B+. You graded this problem 6B+.
Feet follow hands
You rated this problem
more than 3 tries (4)
40° MoonBoard",./images/ENTRY_EXAM.png
06 May 23,"SISÚ
edu moya
6C. You graded this problem 6C.
Feet follow hands
You rated this problem
3rd try
40° MoonBoard",./images/SISÚ.png
18 Apr 23,"GRIFETE HANDS
edu moya
6C. You graded this problem 6C.
Feet follow hands
Project (3)
40° MoonBoard",./images/GRIFETE_HANDS.png
18 Apr 23,"SISÚ
edu moya
6C. You graded this problem 6C.
Feet follow hands
Project (3)
40° MoonBoard",./images/SISÚ.png
18 Apr 23,"THE OLD MAN AND THE BOARD
Christopher Pattberg
6C. You graded this problem 6C+.
Feet follow hands
You rated this problem
3rd try
40° MoonBoard",./images/THE_OLD_MAN_AND_THE_BOARD.png
18 Apr 23,"THE SENDTRAIN
Ben Rankin
6C. You graded this problem 6C.
Feet follow hands
You rated this problem
3rd try
40° MoonBoard",./images/THE_SENDTRAIN.png
18 Apr 23,"POWPOW
Riccardo Caprasecca
6B+. You graded this problem 6B+.
Feet follow hands
You rated this problem
2nd try
40° MoonBoard",./images/POWPOW.png
06 Apr 23,"FOR LOIS
michl24_7
6B+. You graded this problem 6B+.
Feet follow hands
You rated this problem
Flashed
40° MoonBoard",./images/FOR_LOIS.png
06 Apr 23,"PINCHEEZY
FiddlerOnTheGreen
6B+. You graded this problem 6B+.
Feet follow hands
You rated this problem
Flashed
40° MoonBoard",./images/PINCHEEZY.png
06 Apr 23,"HOOK IT
Christian Klaassen
6C. You graded this problem 6C.
Feet follow hands
You rated this problem
3rd try
40° MoonBoard",./images/HOOK_IT.png
06 Apr 23,"WRECKONIZE
Pawel Paraskiewas
6C. You graded this problem 6C.
Feet follow hands
Project (4)
40° MoonBoard",./images/WRECKONIZE.png
06 Apr 23,"THE OLD MAN AND THE BOARD
Christopher Pattberg
6C. You graded this problem 6C.
Feet follow hands
Project (2)
40° MoonBoard",./images/THE_OLD_MAN_AND_THE_BOARD.png
04 Apr 23,"WIFE'S RATH
Ben Oveson
6B+. You graded this problem 6B+.
Feet follow hands
You rated this problem
Flashed
40° MoonBoard",./images/WIFE'S_RATH.png
04 Apr 23,"BLUEFISH
Bryant Noble
6B+. You graded this problem 6B+.
Feet follow hands
You rated this problem
Flashed
40° MoonBoard",./images/BLUEFISH.png
04 Apr 23,"BOTTOM LINE
Ravioli Biceps
6C. You graded this problem 6C.
Feet follow hands
You rated this problem
2nd try
40° MoonBoard",./images/BOTTOM_LINE.png
04 Apr 23,"HORSESHOE
Ravioli Biceps
6C. You graded this problem 6C.
Feet follow hands
Project (3)
40° MoonBoard",./images/HORSESHOE.png
04 Apr 23,"HOOK IT
Christian Klaassen
6C. You graded this problem 6C.
Feet follow hands
Project (3)
40° MoonBoard",./images/HOOK_IT.png
28 Mar 23,"NUT
Chad Jensen
6B+. You graded this problem 6B+.
Feet follow hands
You rated this problem
Flashed
40° MoonBoard",./images/NUT.png
28 Mar 23,"MOONING
levi jackson
6C. You graded this problem 6C.
Feet follow hands
Project (3)
40° MoonBoard",./images/MOONING.png
28 Mar 23,"SLAB TRAINING
erik massih
6C. You graded this problem 6C.
Feet follow hands
Project (3)
40° MoonBoard",./images/SLAB_TRAINING.png
23 Mar 23,"BZ - HYPERION
Thomas Watts
6C. You graded this problem 6C.
Feet follow hands
You rated this problem
3rd try
40° MoonBoard",./images/BZ_-_HYPERION.png
23 Mar 23,"POGO
luke hutcheson
7A. You graded this problem 7A.
Feet follow hands
Project (3)
40° MoonBoard",./images/POGO.png
16 Mar 23,"SLIGHTLY SKEWED
Lucas Murray
6C. You graded this problem 6C.
Feet follow hands
You rated this problem
3rd try
40° MoonBoard",./images/SLIGHTLY_SKEWED.png
16 Mar 23,"B.O.B. 2
Randall Baum
6C. You graded this problem 6C.
Feet follow hands
Project (3)
40° MoonBoard",./images/B.O.B._2.png
16 Mar 23,"SISÚ
edu moya
6C. You graded this problem 6C.
Feet follow hands
Project (2)
40° MoonBoard",./images/SISÚ.png
15 Mar 23,"TWOFISH
Bryant Noble
6B+. You graded this problem 6B+.
Feet follow hands
You rated this problem
Flashed
40° MoonBoard",./images/TWOFISH.png
15 Mar 23,"KLINGON
Chad Jensen
6B+. You graded this problem 6B+.
Feet follow hands
You rated this problem
Flashed
40° MoonBoard",./images/KLINGON.png
15 Mar 23,"FOUNDRY COMP HARD 2
haydn jones
6C. You graded this problem 6C.
Feet follow hands
You rated this problem
2nd try
40° MoonBoard",./images/FOUNDRY_COMP_HARD_2.png
07 Mar 23,"FUN AS HECK
Will
6B+. You graded this problem 6B+.
Feet follow hands
You rated this problem
Flashed
40° MoonBoard",./images/FUN_AS_HECK.png
07 Mar 23,"2
Hugo Hoyer
6B+. You graded this problem 6B+.
Feet follow hands
You rated this problem
Flashed
40° MoonBoard",./images/2.png
07 Mar 23,"EZ
BlakeMeACake
6B+. You graded this problem 6B+.
Feet follow hands
You rated this problem
Flashed
40° MoonBoard",./images/EZ.png
07 Mar 23,"ASTRO CREEP
Jonny Summers
6B+. You graded this problem 6B+.
Feet follow hands
Project (3)
40° MoonBoard",./images/ASTRO_CREEP.png
07 Mar 23,"L'HO DURO DURO
Max Car
7A+. You graded this problem 7A+.
Feet follow hands
Project (3)
40° MoonBoard",./images/L'HO_DURO_DURO.png
05 Mar 23,"TIC-TAC-TOES
Twitt
6B+. You graded this problem 6B+.
Feet follow hands
You rated this problem
2nd try
40° MoonBoard",./images/TIC-TAC-TOES.png
05 Mar 23,"YOURS
Felicity Holt
6C. You graded this problem 6C.
Feet follow hands
Project (2)
40° MoonBoard",./images/YOURS.png
05 Mar 23,"COMME NEIGE AU SOLEIL
Michael Lauer
6C. You graded this problem 6B+.
Feet follow hands
You rated this problem
Flashed
40° MoonBoard",./images/COMME_NEIGE_AU_SOLEIL.png
05 Mar 23,"BZ - HYPERION
Thomas Watts
6C. You graded this problem 6C.
Feet follow hands
Project (3)
40° MoonBoard",./images/BZ_-_HYPERION.png
05 Mar 23,"MOONING
levi jackson
6C. You graded this problem 6C.
Feet follow hands
Project (3)
40° MoonBoard",./images/MOONING.png
02 Mar 23,"WARM UP NO. 10
Luis Rodriguez
6B+. You graded this problem 6C+.
Feet follow hands
You rated this problem
Flashed
40° MoonBoard",./images/WARM_UP_NO._10.png
02 Mar 23,"EASY DOES IT
Reuben Mardan
6B+. You graded this problem 6B+.
Feet follow hands
Project (2)
40° MoonBoard",./images/EASY_DOES_IT.png
02 Mar 23,"ACG6 WAS TOO HARD
Brian Kim
6C. You graded this problem 6B+.
Feet follow hands
You rated this problem
Flashed
40° MoonBoard",./images/ACG6_WAS_TOO_HARD.png
02 Mar 23,"SOURKRAWT
Kyle Knapp
6C. You graded this problem 6C.
Feet follow hands
You rated this problem
2nd try
40° MoonBoard",./images/SOURKRAWT.png
02 Mar 23,"SISÚ
edu moya
6C. You graded this problem 6C.
Feet follow hands
Project (2)
40° MoonBoard",./images/SISÚ.png
28 Feb 23,"WARM UP NO. 10
Luis Rodriguez
6B+. You graded this problem 6B+.
Feet follow hands
Project (2)
40° MoonBoard",./images/WARM_UP_NO._10.png
28 Feb 23,"ENTER SANDBAG
Christian Thorjussen
6C+. You graded this problem 6C+.
Feet follow hands
Project (2)
40° MoonBoard",./images/ENTER_SANDBAG.png
26 Feb 23,"WARM UP NO. 10
Luis Rodriguez
6B+. You graded this problem 6B+.
Feet follow hands
Project (3)
40° MoonBoard",./images/WARM_UP_NO._10.png
26 Feb 23,"RAINY DAY
Chris Tibbals
6B+. You graded this problem 6C.
Feet follow hands
You rated this problem
more than 3 tries (4)
40° MoonBoard",./images/RAINY_DAY.png
26 Feb 23,"HUGO ELIMINATE CLEAN
David Quinn
6B+. You graded this problem 6C.
Feet follow hands
You rated this problem
2nd try
40° MoonBoard",./images/HUGO_ELIMINATE_CLEAN.png
26 Feb 23,"RAINY DAY
Chris Tibbals
6B+
Feet follow hands
You rated this problem
3rd try
40° MoonBoard",./images/RAINY_DAY.png
26 Feb 23,"MOON CASTLE
Ben Moon
6C
Feet follow hands
You rated this problem
3rd try
40° MoonBoard",./images/MOON_CASTLE.png
26 Feb 23,"YOURS
Felicity Holt
6C. You graded this problem 6C.
Feet follow hands
Project (1)
40° MoonBoard",./images/YOURS.png
23 Feb 23,"SOLIDARITY
Kilgour22
6B+
Feet follow hands
You rated this problem
Flashed
40° MoonBoard",./images/SOLIDARITY.png
23 Feb 23,"NIMBUS
Larissa Kruhs
6B+
Feet follow hands
You rated this problem
Flashed
40° MoonBoard",./images/NIMBUS.png
23 Feb 23,"CHOSSY MESS
orion feist
6B+. You graded this problem 6B+.
Feet follow hands
You rated this problem
Flashed
40° MoonBoard",./images/CHOSSY_MESS.png
23 Feb 23,"NO FOOT
simone antuzzi
6B+
Feet follow hands
You rated this problem
3rd try
40° MoonBoard",./images/NO_FOOT.png
23 Feb 23,"RAINY DAY
Chris Tibbals
6B+. You graded this problem 6B+.
Feet follow hands
Project (3)
40° MoonBoard",./images/RAINY_DAY.png
21 Feb 23,"EVERT DAY
Nanna Söderin
6B+. You graded this problem 6B+.
Feet follow hands
You rated this problem
Flashed
40° MoonBoard",./images/EVERT_DAY.png
21 Feb 23,"PIECE OF CAKE FOR YAYA
Hoseok Lee
6B+. You graded this problem 6B+.
Feet follow hands
You rated this problem
Flashed
40° MoonBoard",./images/PIECE_OF_CAKE_FOR_YAYA.png
21 Feb 23,"GRAVITY'S RAINBOW
Kyle Knapp
6B+. You graded this problem 6B+.
Feet follow hands
You rated this problem
Flashed
40° MoonBoard",./images/GRAVITY'S_RAINBOW.png
21 Feb 23,"HUGO ELIMINATE CLEAN
David Quinn
6B+. You graded this problem 6B+.
Feet follow hands
Project (2)
40° MoonBoard",./images/HUGO_ELIMINATE_CLEAN.png
21 Feb 23,"NORTHSIDE
Matt Mcnair
7A. You graded this problem 6C+.
Feet follow hands
You rated this problem
2nd try
40° MoonBoard",./images/NORTHSIDE.png
21 Feb 23,"ENTER SANDBAG
Christian Thorjussen
6C+. You graded this problem 6C+.
Feet follow hands
Project (1)
40° MoonBoard",./images/ENTER_SANDBAG.png
16 Feb 23,"RAINY DAY
Chris Tibbals
6B+. You graded this problem 6B+.
Feet follow hands
Project (2)
40° MoonBoard",./images/RAINY_DAY.png
16 Feb 23,"WARM UP NO. 10
Luis Rodriguez
6B+. You graded this problem 6B+.
Feet follow hands
Project (1)
40° MoonBoard",./images/WARM_UP_NO._10.png
16 Feb 23,"課題2
atsushi takizawa
6C+. You graded this problem 6B+.
Feet follow hands
You rated this problem
3rd try
40° MoonBoard",./images/課題2.png
16 Feb 23,"UP!!!
Branko
6B+. You graded this problem 6B+.
Feet follow hands
You rated this problem
Flashed
40° MoonBoard",./images/UP!!!.png
16 Feb 23,"BZ - MYSTIC RHYTHMS
Thomas Watts
6B+. You graded this problem 6B+.
Feet follow hands
You rated this problem
3rd try
40° MoonBoard",./images/BZ_-_MYSTIC_RHYTHMS.png
16 Feb 23,"CONFIDENCE BOOST
Henrik Berg
6B+. You graded this problem 6B+.
Feet follow hands
You rated this problem
2nd try
40° MoonBoard",./images/CONFIDENCE_BOOST.png
16 Feb 23,"HATHA YOGA
janezkranjski
6B+. You graded this problem 6B+.
Feet follow hands
Project (2)
40° MoonBoard",./images/HATHA_YOGA.png
14 Feb 23,"DISPENSORY
Luis Rodriguez
6B+. You graded this problem 6B+.
Feet follow hands
You rated this problem
2nd try
40° MoonBoard",./images/DISPENSORY.png
14 Feb 23,"HUGO ELIMINATE CLEAN
David Quinn
6B+. You graded this problem 6B+.
Feet follow hands
Project (3)
40° MoonBoard",./images/HUGO_ELIMINATE_CLEAN.png
14 Feb 23,"I'M NOT A SETTER
Emilee Sudweeks
6B+. You graded this problem 6B+.
Feet follow hands
You rated this problem
Flashed
40° MoonBoard",./images/I'M_NOT_A_SETTER.png
14 Feb 23,"SHOULD OF STAYED AT HOME
Jonty
7A. You graded this problem 6C.
Feet follow hands
You rated this problem
2nd try
40° MoonBoard",./images/SHOULD_OF_STAYED_AT_HOME.png
11 Feb 23,"EASY DOES IT
Reuben Mardan
6B+. You graded this problem 6B+.
Feet follow hands
Project (3)
40° MoonBoard",./images/EASY_DOES_IT.png
11 Feb 23,"EASY DOES IT
Reuben Mardan
6B+. You graded this problem 6B+.
Feet follow hands
Project (3)
40° MoonBoard",./images/EASY_DOES_IT.png
09 Feb 23,"SOLIDARITY
Kilgour22
6B+. You graded this problem 6B+.
Feet follow hands
You rated this problem
Flashed
40° MoonBoard",./images/SOLIDARITY.png
09 Feb 23,"I'M NOT A SETTER
Emilee Sudweeks
6B+. You graded this problem 6B+.
Feet follow hands
Project (3)
40° MoonBoard",./images/I'M_NOT_A_SETTER.png
09 Feb 23,"TBA WARMUP 1
Luis Rodriguez
6B+. You graded this problem 6B+.
Feet follow hands
Project (1)
40° MoonBoard",./images/TBA_WARMUP_1.png
09 Feb 23,"GRIFETE HANDS
edu moya
6C. You graded this problem 6C.
Feet follow hands
Project (2)
40° MoonBoard",./images/GRIFETE_HANDS.png
09 Feb 23,"SOURKRAWT
Kyle Knapp
6C. You graded this problem 6C.
Feet follow hands
Project (2)
40° MoonBoard",./images/SOURKRAWT.png
07 Feb 23,"TIPI DA SALETTA
Averau
6B+. You graded this problem 6B+.
Feet follow hands
You rated this problem
Flashed
40° MoonBoard",./images/TIPI_DA_SALETTA.png
07 Feb 23,"SQUINCHER
George Evans
6B+. You graded this problem 6B+.
Feet follow hands
You rated this problem
Flashed
40° MoonBoard",./images/SQUINCHER.png
07 Feb 23,"LA PRESA DI COSTANTINOPOL
simone antuzzi
6B+. You graded this problem 6B+.
Feet follow hands
You rated this problem
more than 3 tries (4)
40° MoonBoard",./images/LA_PRESA_DI_COSTANTINOPOL.png
07 Feb 23,"BRZÓZON 2
Ania Orlowska
6B+. You graded this problem 6B+.
Feet follow hands
You rated this problem
2nd try
40° MoonBoard",./images/BRZÓZON_2.png
07 Feb 23,"STANDING ROCK
Kyle Knapp
6B+. You graded this problem 6B+.
Feet follow hands
You rated this problem
2nd try
40° MoonBoard",./images/STANDING_ROCK.png
02 Feb 23,"REMO
Riccardo Caprasecca
6B+. You graded this problem 6B+.
Feet follow hands
Project (2)
40° MoonBoard",./images/REMO.png
02 Feb 23,"SX
Ahmtgunr
6B+. You graded this problem 6B+.
Feet follow hands
You rated this problem
Flashed
40° MoonBoard",./images/SX.png
02 Feb 23,"PHO MAI
Peter Sebio
6C+. You graded this problem 6C+.
Feet follow hands
You rated this problem
2nd try
40° MoonBoard",./images/PHO_MAI.png
02 Feb 23,"ENTER SANDBAG
Christian Thorjussen
6C+. You graded this problem 6C+.
Feet follow hands
Project (3)
40° MoonBoard",./images/ENTER_SANDBAG.png
02 Feb 23,"NORTHSIDE
Matt Mcnair
7A. You graded this problem 7A.
Feet follow hands
Project (3)
40° MoonBoard",./images/NORTHSIDE.png
31 Jan 23,"MOVING OUT
Kyle Knapp
6B+. You graded this problem 6B+.
Feet follow hands
Project (2)
40° MoonBoard",./images/MOVING_OUT.png
31 Jan 23,"PROBLEM#90
akihiro ishii
6B+. You graded this problem 6B+.
Feet follow hands
You rated this problem
Flashed
40° MoonBoard",./images/PROBLEM#90.png
31 Jan 23,"BACK TO BASICS
Kyle Knapp
6B+. You graded this problem 6B+.
Feet follow hands
Project (2)
40° MoonBoard",./images/BACK_TO_BASICS.png
31 Jan 23,"GESIER-RIGHT HAND
Alex Arroyo
6C+. You graded this problem 6C.
Feet follow hands
You rated this problem
2nd try
40° MoonBoard",./images/GESIER-RIGHT_HAND.png
31 Jan 23,"ENTER SANDBAG
Christian Thorjussen
6C+. You graded this problem 6C+.
Feet follow hands
Project (2)
40° MoonBoard",./images/ENTER_SANDBAG.png
31 Jan 23,"DIVESTMENT PLAN
will winham
6B+. You graded this problem 6B+.
Feet follow hands
You rated this problem
Flashed
40° MoonBoard",./images/DIVESTMENT_PLAN.png
28 Jan 23,"DSTYLE NEW
Dworkin
6B+. You graded this problem 6B+.
Feet follow hands
Project (2)
40° MoonBoard",./images/DSTYLE_NEW.png
24 Jan 23,"課題24
atsushi takizawa
6B+. You graded this problem 6B+.
Feet follow hands
You rated this problem
Flashed
40° MoonBoard",./images/課題24.png
24 Jan 23,"QUARANTINE #4
Erin Daniel
6B+. You graded this problem 6B+.
Feet follow hands
You rated this problem
2nd try
40° MoonBoard",./images/QUARANTINE_#4.png
24 Jan 23,"FORSØK 17
atoneni
6B+. You graded this problem 6B+.
Feet follow hands
You rated this problem
Flashed
40° MoonBoard",./images/FORSØK_17.png
24 Jan 23,"SALTEDBLOCKS 1
Martin Blizi
6B+. You graded this problem 6B+.
Feet follow hands
You rated this problem
Flashed
40° MoonBoard",./images/SALTEDBLOCKS_1.png
19 Jan 23,"THE SPLATTER EFFECT
Ian Cavanaugh
6B+. You graded this problem 6C.
Feet follow hands
You rated this problem
2nd try
40° MoonBoard",./images/THE_SPLATTER_EFFECT.png
19 Jan 23,"VIVA
Hakan Ertekin
6B+. You graded this problem 6C.
Feet follow hands
You rated this problem
3rd try
40° MoonBoard",./images/VIVA.png
19 Jan 23,"ASTRO CREEP
Jonny Summers
6B+. You graded this problem 6B+.
Feet follow hands
Project (3)
40° MoonBoard",./images/ASTRO_CREEP.png
29 Dec 22,"VIVA
Hakan Ertekin
6B+. You graded this problem 6B+.
Feet follow hands
Project (3)
40° MoonBoard",./images/VIVA.png
29 Dec 22,"VIVA
Hakan Ertekin
6B+. You graded this problem 6B+.
Feet follow hands
Project (3)
40° MoonBoard",./images/VIVA.png
29 Dec 22,"ASTRO CREEP
Jonny Summers
6B+. You graded this problem 6B+.
Feet follow hands
Project (3)
40° MoonBoard",./images/ASTRO_CREEP.png
29 Dec 22,"GESIER
Alex Arroyo
6C+. You graded this problem 6C.
Feet follow hands
You rated this problem
Flashed
40° MoonBoard",./images/GESIER.png
29 Dec 22,"A LITTLE CROSSING
christian luus
6C+. You graded this problem 6C+.
Feet follow hands
Project (5)
40° MoonBoard",./images/A_LITTLE_CROSSING.png
29 Dec 22,"HARD TIMES
Ben Moon
7A. You graded this problem 7A.
Feet follow hands
Project (2)
40° MoonBoard",./images/HARD_TIMES.png
29 Dec 22,"I LOVE ROCK AND ROLL
Nathan Johnson
6C+. You graded this problem 6C+.
Feet follow hands
You rated this problem
Flashed
40° MoonBoard",./images/I_LOVE_ROCK_AND_ROLL.png
25 Dec 22,"KLINGON EASY
Ben Moon
6B+. You graded this problem 6B+.
Feet follow hands
You rated this problem
Flashed
40° MoonBoard",./images/KLINGON_EASY.png
25 Dec 22,"FLASH GORDON
Kyle Knapp
6B+. You graded this problem 6B+.
Feet follow hands
You rated this problem
Flashed
40° MoonBoard",./images/FLASH_GORDON.png
25 Dec 22,"GETTING FINGERS READY
Mark Gadomski
6B+. You graded this problem 6B+.
Feet follow hands
You rated this problem
Flashed
40° MoonBoard",./images/GETTING_FINGERS_READY.png
25 Dec 22,"YOURS
Felicity Holt
6C. You graded this problem 6C.
Feet follow hands
Project (2)
40° MoonBoard",./images/YOURS.png
25 Dec 22,"PHO MAI
Peter Sebio
6C+. You graded this problem 6C+.
Feet follow hands
Project (2)
40° MoonBoard",./images/PHO_MAI.png
25 Dec 22,"I LOVE ROCK AND ROLL
Nathan Johnson
6C+. You graded this problem 6C+.
Feet follow hands
Project (3)
40° MoonBoard",./images/I_LOVE_ROCK_AND_ROLL.png
25 Dec 22,"GESIER
Alex Arroyo
6C+. You graded this problem 6C+.
Feet follow hands
Project (5)
40° MoonBoard",./images/GESIER.png
25 Dec 22,"CONFIDENCE BOOST
Henrik Berg
6B+. You graded this problem 6B+.
Feet follow hands
Project (2)
40° MoonBoard",./images/CONFIDENCE_BOOST.png
21 Dec 22,"BITTER
Riccardo Caprasecca
6B+. You graded this problem 6B+.
Feet follow hands
You rated this problem
Flashed
40° MoonBoard",./images/BITTER.png
21 Dec 22,"FAR FROM THE MADDING CROWD
Ben Moon
6B+. You graded this problem 6B+.
Feet follow hands
You rated this problem
Flashed
40° MoonBoard",./images/FAR_FROM_THE_MADDING_CROWD.png
21 Dec 22,"YOURS
Felicity Holt
6C. You graded this problem 6C.
Feet follow hands
Project (1)
40° MoonBoard",./images/YOURS.png
21 Dec 22,"PE3/1
Nick Churchill
6C. You graded this problem 6C.
Feet follow hands
You rated this problem
3rd try
40° MoonBoard",./images/PE3/1.png
21 Dec 22,"SOURKRAWT
Kyle Knapp
6C. You graded this problem 6C.
Feet follow hands
Project (1)
40° MoonBoard",./images/SOURKRAWT.png
21 Dec 22,"7A TOO MUCH
CH Kuo
6C+. You graded this problem 6C+.
Feet follow hands
You rated this problem
more than 3 tries (4)
40° MoonBoard",./images/7A_TOO_MUCH.png
21 Dec 22,"LEAN BACK
Cameron Jaeger
6C+. You graded this problem 6C.
Feet follow hands
You rated this problem
Flashed
40° MoonBoard",./images/LEAN_BACK.png
21 Dec 22,"PHO MAI
Peter Sebio
6C+. You graded this problem 6C+.
Feet follow hands
Project (3)
40° MoonBoard",./images/PHO_MAI.png
21 Dec 22,"RIGHTNESS, PT.3
Alex Arroyo
6C+. You graded this problem 6C+.
Feet follow hands
Project (1)
40° MoonBoard","./images/RIGHTNESS,_PT.3.png"
15 Dec 22,"LE UOVA SODE
Ale Alekos
6C. You graded this problem 6B+.
Feet follow hands
You rated this problem
Flashed
40° MoonBoard",./images/LE_UOVA_SODE.png
15 Dec 22,"PULL YASELF UP! YAY
Hoseok Lee
6B+. You graded this problem 6B+.
Feet follow hands
You rated this problem
Flashed
40° MoonBoard",./images/PULL_YASELF_UP!_YAY.png
15 Dec 22,"YOU'RE AMAZING
Jacob Lindroos
6C. You graded this problem 6B+.
Feet follow hands
You rated this problem
Flashed
40° MoonBoard",./images/YOU'RE_AMAZING.png
15 Dec 22,"VIVA
Hakan Ertekin
6B+. You graded this problem 6B+.
Feet follow hands
Project (3)
40° MoonBoard",./images/VIVA.png
15 Dec 22,"NORTHSIDE
Matt Mcnair
7A. You graded this problem 7A.
Feet follow hands
Project (4)
40° MoonBoard",./images/NORTHSIDE.png
11 Dec 22,"TBA WARMUP 1
Luis Rodriguez
6B+. You graded this problem 6B+.
Feet follow hands
Project (1)
40° MoonBoard",./images/TBA_WARMUP_1.png
11 Dec 22,"BRZÓZON 2
Ania Orlowska
6B+. You graded this problem 6B+.
Feet follow hands
Project (4)
40° MoonBoard",./images/BRZÓZON_2.png
11 Dec 22,"ATTREZZO DI TORTURA
Lorenzo Locatelli
6C+. You graded this problem 6C+.
Feet follow hands
Project (3)
40° MoonBoard",./images/ATTREZZO_DI_TORTURA.png
11 Dec 22,"FULL MOON PARTY
Kyle Knapp
6C. You graded this problem 6C.
Feet follow hands
Project (4)
40° MoonBoard",./images/FULL_MOON_PARTY.png
10 Dec 22,"STANDING ROCK
Kyle Knapp
6B+. You graded this problem 6B+.
Feet follow hands
Project (3)
40° MoonBoard",./images/STANDING_ROCK.png
08 Dec 22,"IN MY APPROACH SHOES...
Kyle Knapp
6B+. You graded this problem 6B+.
Feet follow hands
You rated this problem
Flashed
40° MoonBoard",./images/IN_MY_APPROACH_SHOES....png
08 Dec 22,"NO FOOT
simone antuzzi
6B+. You graded this problem 6B+.
Feet follow hands
Project (2)
40° MoonBoard",./images/NO_FOOT.png
08 Dec 22,"HON'S WAY TO HELL
Carlo Santiago
6B+. You graded this problem 6B+.
Feet follow hands
You rated this problem
2nd try
40° MoonBoard",./images/HON'S_WAY_TO_HELL.png
08 Dec 22,"HARD TIMES
Ben Moon
7A. You graded this problem 7A.
Feet follow hands
Project (5)
40° MoonBoard",./images/HARD_TIMES.png
08 Dec 22,"IMPROVVISAZIONE
Jean-Pierre Bovo
7A. You graded this problem 7A.
Feet follow hands
You rated this problem
3rd try
40° MoonBoard",./images/IMPROVVISAZIONE.png
08 Dec 22,"NORTHSIDE
Matt Mcnair
7A. You graded this problem 7A.
Feet follow hands
Project (4)
40° MoonBoard",./images/NORTHSIDE.png
05 Dec 22,"WARM ME UP
David Carmona
6B+. You graded this problem 6B+.
Feet follow hands
You rated this problem
2nd try
40° MoonBoard",./images/WARM_ME_UP.png
05 Dec 22,"SALUHALLEN 4
Joakim Aagaerd
6B+. You graded this problem 6C.
Feet follow hands
You rated this problem
3rd try
40° MoonBoard",./images/SALUHALLEN_4.png
05 Dec 22,"SPOONBILL
Bryant Noble
6B+. You graded this problem 6B+.
Feet follow hands
You rated this problem
more than 3 tries (4)
40° MoonBoard",./images/SPOONBILL.png
05 Dec 22,"UP!!!
Branko
6B+. You graded this problem 6B+.
Feet follow hands
Project (3)
40° MoonBoard",./images/UP!!!.png
05 Dec 22,"GESIER-RIGHT HAND
Alex Arroyo
6C+. You graded this problem 6C+.
Feet follow hands
Project (3)
40° MoonBoard",./images/GESIER-RIGHT_HAND.png
01 Dec 22,"CHOSSY MESS
orion feist
6B+. You graded this problem 6B+.
Feet follow hands
Project (2)
40° MoonBoard",./images/CHOSSY_MESS.png
01 Dec 22,"TIPI DA SALETTA
Averau
6B+. You graded this problem 6B+.
Feet follow hands
Project (2)
40° MoonBoard",./images/TIPI_DA_SALETTA.png
01 Dec 22,"HER COMES THE KING
Alex Thomas
6C+. You graded this problem 6C.
Feet follow hands
You rated this problem
3rd try
40° MoonBoard",./images/HER_COMES_THE_KING.png
01 Dec 22,"BINGO WAS HIS NAME
Nathan Johnson
6C+. You graded this problem 6C+.
Feet follow hands
You rated this problem
more than 3 tries (4)
40° MoonBoard",./images/BINGO_WAS_HIS_NAME.png
01 Dec 22,"TIJUANA
pau galofre
6C+. You graded this problem 6C+.
Feet follow hands
You rated this problem
3rd try
40° MoonBoard",./images/TIJUANA.png
29 Nov 22,"E-Z CHEESE
Kyle Knapp
6B+. You graded this problem 6B+.
Feet follow hands
You rated this problem
Flashed
40° MoonBoard",./images/E-Z_CHEESE.png
29 Nov 22,"ATTIC V - 2
Jo
6B+. You graded this problem 6B+.
Feet follow hands
You rated this problem
Flashed
40° MoonBoard",./images/ATTIC_V_-_2.png
29 Nov 22,"HATHA YOGA
janezkranjski
6B+. You graded this problem 6B+.
Feet follow hands
Project (2)
40° MoonBoard",./images/HATHA_YOGA.png
29 Nov 22,"WARM UP 1031
lyndsey
6B+. You graded this problem 6B+.
Feet follow hands
You rated this problem
2nd try
40° MoonBoard",./images/WARM_UP_1031.png
29 Nov 22,"GRIFETE HANDS
edu moya
6C. You graded this problem 6C.
Feet follow hands
Project (2)
40° MoonBoard",./images/GRIFETE_HANDS.png
29 Nov 22,"LEAP CREEP
Braxton Stratton
6C+. You graded this problem 6C+.
Feet follow hands
You rated this problem
2nd try
40° MoonBoard",./images/LEAP_CREEP.png
29 Nov 22,"HARD TIMES
Ben Moon
7A. You graded this problem 7A.
Feet follow hands
Project (3)
40° MoonBoard",./images/HARD_TIMES.png
29 Nov 22,"HOCUS POCUS
Ben Moon
6C+. You graded this problem 6C+.
Feet follow hands
You rated this problem
3rd try
40° MoonBoard",./images/HOCUS_POCUS.png
29 Nov 22,"FLAPODROM
Sebastian Drüeke
6C+. You graded this problem 6C.
Feet follow hands
You rated this problem
2nd try
40° MoonBoard",./images/FLAPODROM.png
24 Nov 22,"BISCUITS AND GRAVY
Kyle Knapp
6B+. You graded this problem 6B+.
Feet follow hands
You rated this problem
Flashed
40° MoonBoard",./images/BISCUITS_AND_GRAVY.png
24 Nov 22,"COSMIC MONSTERS
Kyle Knapp
6B+. You graded this problem 6B+.
Feet follow hands
You rated this problem
Flashed
40° MoonBoard",./images/COSMIC_MONSTERS.png
24 Nov 22,"FORSØK 25
atoneni
6B+. You graded this problem 6B+.
Feet follow hands
You rated this problem
2nd try
40° MoonBoard",./images/FORSØK_25.png
24 Nov 22,"CROSSOVER
Alex Arroyo
7A. You graded this problem 6C+.
Feet follow hands
You rated this problem
Flashed
40° MoonBoard",./images/CROSSOVER.png
24 Nov 22,"HARD TIMES
Ben Moon
7A. You graded this problem 7A.
Feet follow hands
Project (3)
40° MoonBoard",./images/HARD_TIMES.png
24 Nov 22,"PURGATORY
Jonath Williams
6C. You graded this problem 6C.
Feet follow hands
You rated this problem
2nd try
40° MoonBoard",./images/PURGATORY.png
24 Nov 22,"LEAP CREEP
Braxton Stratton
6C+. You graded this problem 6C+.
Feet follow hands
Project (2)
40° MoonBoard",./images/LEAP_CREEP.png
22 Nov 22,"TE GUSTA?
Paul Robinson
6B+. You graded this problem 6B+.
Feet follow hands
You rated this problem
Flashed
40° MoonBoard",./images/TE_GUSTA?.png
22 Nov 22,"ASTRO CREEP
Jonny Summers
6B+. You graded this problem 6B+.
Feet follow hands
Project (3)
40° MoonBoard",./images/ASTRO_CREEP.png
22 Nov 22,"IMPROVVISAZIONE
Jean-Pierre Bovo
7A. You graded this problem 7A.
Feet follow hands
Project (5)
40° MoonBoard",./images/IMPROVVISAZIONE.png
17 Nov 22,"YAYABLACK
Hoseok Lee
6B+. You graded this problem 6B+.
Feet follow hands
You rated this problem
Flashed
40° MoonBoard",./images/YAYABLACK.png
17 Nov 22,"ASTRO CREEP
Jonny Summers
6B+. You graded this problem 6B+.
Feet follow hands
Project (2)
40° MoonBoard",./images/ASTRO_CREEP.png
17 Nov 22,"CROSSOVER
Alex Arroyo
7A. You graded this problem 7A.
Feet follow hands
Project (4)
40° MoonBoard",./images/CROSSOVER.png
17 Nov 22,"IMPROVVISAZIONE
Jean-Pierre Bovo
7A. You graded this problem 7A.
Feet follow hands
Project (5)
40° MoonBoard",./images/IMPROVVISAZIONE.png
15 Nov 22,"WARM UP NO. 8
Luis Rodriguez
6B+. You graded this problem 6B+.
Feet follow hands
You rated this problem
Flashed
40° MoonBoard",./images/WARM_UP_NO._8.png
15 Nov 22,"SHAKEDOWN STREET
Matt Poiesz
6C+. You graded this problem 6C+.
Feet follow hands
You rated this problem
Flashed
40° MoonBoard",./images/SHAKEDOWN_STREET.png
15 Nov 22,"OVN
Jørgen Bryn Henriksen
6C. You graded this problem 6C+.
Feet follow hands
You rated this problem
Flashed
40° MoonBoard",./images/OVN.png
10 Nov 22,"SHAKEDOWN STREET
Matt Poiesz
6C+. You graded this problem 6C+.
Feet follow hands
Project (5)
40° MoonBoard",./images/SHAKEDOWN_STREET.png
10 Nov 22,"V4 GUMBY
Stefan Stoyanov
6B+. You graded this problem 6B+.
Feet follow hands
You rated this problem
3rd try
40° MoonBoard",./images/V4_GUMBY.png
10 Nov 22,"WARM UP NO. 8
Luis Rodriguez
6B+. You graded this problem 6B+.
Feet follow hands
Project (5)
40° MoonBoard",./images/WARM_UP_NO._8.png
04 Nov 22,"OUTLANDERS FEELINGS 6B
Lukasz Bolach
6B+. You graded this problem 6B+.
Feet follow hands
You rated this problem
3rd try
40° MoonBoard",./images/OUTLANDERS_FEELINGS_6B.png
04 Nov 22,"F**K TRUMP!
Kyle Knapp
6B+. You graded this problem 6B+.
Feet follow hands
You rated this problem
Flashed
40° MoonBoard",./images/F**K_TRUMP!.png
04 Nov 22,"TE GUSTA?
Paul Robinson
6B+. You graded this problem 6B+.
Feet follow hands
Project (2)
40° MoonBoard",./images/TE_GUSTA?.png
04 Nov 22,"SHAKEDOWN STREET
Matt Poiesz
6C+. You graded this problem 6C+.
Feet follow hands
Project (5)
40° MoonBoard",./images/SHAKEDOWN_STREET.png
03 Nov 22,"NIMBUS
Larissa Kruhs
6B+. You graded this problem 6B+.
Feet follow hands
You rated this problem
Flashed
40° MoonBoard",./images/NIMBUS.png
03 Nov 22,"STANDARD AND POOR'S
Vincent Minecci
6B+. You graded this problem 6B+.
Feet follow hands
You rated this problem
Flashed
40° MoonBoard",./images/STANDARD_AND_POOR'S.png
03 Nov 22,"THE SPLATTER EFFECT
Ian Cavanaugh
6B+. You graded this problem 6B+.
Feet follow hands
Project (1)
40° MoonBoard",./images/THE_SPLATTER_EFFECT.png
03 Nov 22,"V4 GUMBY
Stefan Stoyanov
6B+. You graded this problem 6B+.
Feet follow hands
Project (1)
40° MoonBoard",./images/V4_GUMBY.png
26 Oct 22,"WINKYLANDIA
Nicole Belletti
6C. You graded this problem 6C.
Feet follow hands
You rated this problem
2nd try
40° MoonBoard",./images/WINKYLANDIA.png
26 Oct 22,"SHAKEDOWN STREET
Matt Poiesz
6C+. You graded this problem 6C+.
Feet follow hands
Project (2)
40° MoonBoard",./images/SHAKEDOWN_STREET.png
26 Oct 22,"ACG4
bkkim
6C. You graded this problem 6C.
Feet follow hands
You rated this problem
3rd try
40° MoonBoard",./images/ACG4.png
26 Oct 22,"YOURS
Felicity Holt
6C. You graded this problem 6C.
Feet follow hands
Project (2)
40° MoonBoard",./images/YOURS.png
23 Oct 22,"SB WARM UP (6A)
Arran Stubbington
6B+. You graded this problem 6B+.
Feet follow hands
You rated this problem
Flashed
40° MoonBoard",./images/SB_WARM_UP_(6A).png
23 Oct 22,"V4 FLASH
Tom Mavrovic
6B+. You graded this problem 6B+.
Feet follow hands
You rated this problem
Flashed
40° MoonBoard",./images/V4_FLASH.png
23 Oct 22,"V4 GUMBY
Stefan Stoyanov
6B+. You graded this problem 6B+.
Feet follow hands
Project (1)
40° MoonBoard",./images/V4_GUMBY.png
23 Oct 22,"GRIFETE HANDS
edu moya
6C. You graded this problem 6C.
Feet follow hands
Project (2)
40° MoonBoard",./images/GRIFETE_HANDS.png
23 Oct 22,"TESS
Ben Moon
6C+. You graded this problem 6C+.
Feet follow hands
You rated this problem
2nd try
40° MoonBoard",./images/TESS.png
23 Oct 22,"OVN
Jørgen Bryn Henriksen
6C. You graded this problem 6C.
Feet follow hands
Project (2)
40° MoonBoard",./images/OVN.png
23 Oct 22,"MAGNUM
Lukasz Zielonka
7A. You graded this problem 7A.
Feet follow hands
You rated this problem
3rd try
40° MoonBoard",./images/MAGNUM.png
19 Oct 22,"TESS
Ben Moon
6C+. You graded this problem 6C+.
Feet follow hands
Project (3)
40° MoonBoard",./images/TESS.png
19 Oct 22,"OVN
Jørgen Bryn Henriksen
6C. You graded this problem 6C.
Feet follow hands
Project (1)
40° MoonBoard",./images/OVN.png
15 Oct 22,"CALLA
Riccardo Caprasecca
6B+. You graded this problem 6C+.
Feet follow hands
You rated this problem
3rd try
40° MoonBoard",./images/CALLA.png
15 Oct 22,"YOU GET A CAR
Mfi
6B+. You graded this problem 6B+.
Feet follow hands
You rated this problem
Flashed
40° MoonBoard",./images/YOU_GET_A_CAR.png
15 Oct 22,"WARM UP NO. 8
Luis Rodriguez
6B+. You graded this problem 6B+.
Feet follow hands
Project (2)
40° MoonBoard",./images/WARM_UP_NO._8.png
15 Oct 22,"OVN
Jørgen Bryn Henriksen
6C. You graded this problem 6C.
Feet follow hands
Project (3)
40° MoonBoard",./images/OVN.png
15 Oct 22,"MAGNUM
Lukasz Zielonka
7A. You graded this problem 7A.
Feet follow hands
Project (3)
40° MoonBoard",./images/MAGNUM.png
12 Oct 22,"AL A GAIT OR?
mattw
6B+. You graded this problem 6B+.
Feet follow hands
You rated this problem
Flashed
40° MoonBoard",./images/AL_A_GAIT_OR?.png
12 Oct 22,"MAGGIE’S PROBLEM
Taylor Kosman
6B+. You graded this problem 6B+.
Feet follow hands
You rated this problem
Flashed
40° MoonBoard",./images/MAGGIE’S_PROBLEM.png
12 Oct 22,"MAGNUM
Lukasz Zielonka
7A. You graded this problem 7A.
Feet follow hands
Project (2)
40° MoonBoard",./images/MAGNUM.png
12 Oct 22,"THE SPLATTER EFFECT
Ian Cavanaugh
6B+. You graded this problem 6B+.
Feet follow hands
Project (2)
40° MoonBoard",./images/THE_SPLATTER_EFFECT.png
11 Oct 22,"MARK2
markwynneuk
6B+. You graded this problem 6B+.
Feet follow hands
You rated this problem
Flashed
40° MoonBoard",./images/MARK2.png
11 Oct 22,"ACG12
bkkim
6B+. You graded this problem 6B+.
Feet follow hands
You rated this problem
Flashed
40° MoonBoard",./images/ACG12.png
11 Oct 22,"ACG12
bkkim
6B+. You graded this problem 6B+.
Feet follow hands
You rated this problem
Flashed
40° MoonBoard",./images/ACG12.png
11 Oct 22,"SB WARM UP (6A)
Arran Stubbington
6B+. You graded this problem 6B+.
Feet follow hands
You rated this problem
Flashed
40° MoonBoard",./images/SB_WARM_UP_(6A).png
06 Oct 22,"PLEDGE TO HEDGE
Hoseok Lee
6B+. You graded this problem 6B+.
Feet follow hands
You rated this problem
Flashed
40° MoonBoard",./images/PLEDGE_TO_HEDGE.png
06 Oct 22,"超絶技巧
Takuto Koshiba
6C. You graded this problem 6B+.
Feet follow hands
You rated this problem
Flashed
40° MoonBoard",./images/超絶技巧.png
06 Oct 22,"#2 KH
Kyle Hilton
6C+. You graded this problem 6C+.
Feet follow hands
You rated this problem
Flashed
40° MoonBoard",./images/#2_KH.png
04 Oct 22,"PULL YASELF UP! YAY
Hoseok Lee
6B+. You graded this problem 6B+.
Feet follow hands
You rated this problem
Flashed
40° MoonBoard",./images/PULL_YASELF_UP!_YAY.png
01 Oct 22,"ATTREZZO DI TORTURA
Lorenzo Locatelli
6C+. You graded this problem 6C+.
Feet follow hands
Project (1)
40° MoonBoard",./images/ATTREZZO_DI_TORTURA.png
01 Oct 22,"BIGGY SMALLS
Alex Arroyo
6C. You graded this problem 6C.
Feet follow hands
You rated this problem
2nd try
40° MoonBoard",./images/BIGGY_SMALLS.png
01 Oct 22,"GRIFETE HANDS
edu moya
6C. You graded this problem 6C.
Feet follow hands
Project (2)
40° MoonBoard",./images/GRIFETE_HANDS.png
01 Oct 22,"SOFT THE PUZZLE
PJMOONCLIMBS
6C+. You graded this problem 6C+.
Feet follow hands
You rated this problem
3rd try
40° MoonBoard",./images/SOFT_THE_PUZZLE.png
01 Oct 22,"OVN
Jørgen Bryn Henriksen
6C. You graded this problem 6C.
Feet follow hands
Project (3)
40° MoonBoard",./images/OVN.png
29 Sep 22,"PLEDGE TO HEDGE
Hoseok Lee
6B+. You graded this problem 6B+.
Feet follow hands
You rated this problem
Flashed
40° MoonBoard",./images/PLEDGE_TO_HEDGE.png
29 Sep 22,"DSTYLE
hamad_climbs
6B+. You graded this problem 6B+.
Feet follow hands
You rated this problem
Flashed
40° MoonBoard",./images/DSTYLE.png
29 Sep 22,"ATTREZZO DI TORTURA
Lorenzo Locatelli
6C+. You graded this problem 6C+.
Feet follow hands
You rated this problem
Flashed
40° MoonBoard",./images/ATTREZZO_DI_TORTURA.png
29 Sep 22,"MOON CASTLE
Ben Moon
6C. You graded this problem 6C.
Feet follow hands
Project (1)
40° MoonBoard",./images/MOON_CASTLE.png
29 Sep 22,"TESS
Ben Moon
6C+. You graded this problem 6C+.
Feet follow hands
Project (2)
40° MoonBoard",./images/TESS.png
29 Sep 22,"SOFT THE PUZZLE
PJMOONCLIMBS
6C+. You graded this problem 6C+.
Feet follow hands
Project (4)
40° MoonBoard",./images/SOFT_THE_PUZZLE.png
29 Sep 22,"GRIFETE HANDS
edu moya
6C. You graded this problem 6C.
Feet follow hands
Project (2)
40° MoonBoard",./images/GRIFETE_HANDS.png
22 Sep 22,"PLEDGE TO HEDGE
Hoseok Lee
6B+. You graded this problem 6B+.
Feet follow hands
You rated this problem
Flashed
40° MoonBoard",./images/PLEDGE_TO_HEDGE.png
22 Sep 22,"JUST ANOTHER DAY
Reuben Mardan
6C. You graded this problem 6B+.
Feet follow hands
You rated this problem
Flashed
40° MoonBoard",./images/JUST_ANOTHER_DAY.png
22 Sep 22,"MOON CASTLE
Ben Moon
6C. You graded this problem 6C.
Feet follow hands
Project (3)
40° MoonBoard",./images/MOON_CASTLE.png
22 Sep 22,"COBIA
Bryant Noble
6C+. You graded this problem 6C+.
Feet follow hands
You rated this problem
2nd try
40° MoonBoard",./images/COBIA.png
18 Sep 22,"JUST ANOTHER DAY
Reuben Mardan
6C. You graded this problem 6C.
Feet follow hands
You rated this problem
Flashed
40° MoonBoard",./images/JUST_ANOTHER_DAY.png
18 Sep 22,"PLEDGE TO HEDGE
Hoseok Lee
6B+. You graded this problem 6B+.
Feet follow hands
You rated this problem
Flashed
40° MoonBoard",./images/PLEDGE_TO_HEDGE.png
18 Sep 22,"DSTYLE
hamad_climbs
6B+. You graded this problem 6B+.
Feet follow hands
You rated this problem
2nd try
40° MoonBoard",./images/DSTYLE.png
18 Sep 22,"FIRST SET: PINCH 'N' INCH
Melissa Clements
6C. You graded this problem 6C.
Feet follow hands
You rated this problem
Flashed
40° MoonBoard",./images/FIRST_SET:_PINCH_'N'_INCH.png
18 Sep 22,"MOON CASTLE
Ben Moon
6C. You graded this problem 6C.
Feet follow hands
Project (2)
40° MoonBoard",./images/MOON_CASTLE.png
18 Sep 22,"VORTEX ORIGINAL
Yasu Toma
6C. You graded this problem 6C.
Feet follow hands
You rated this problem
2nd try
40° MoonBoard",./images/VORTEX_ORIGINAL.png
10 Sep 22,"PLEDGE TO HEDGE
Hoseok Lee
6B+. You graded this problem 6B+.
Feet follow hands
You rated this problem
Flashed
40° MoonBoard",./images/PLEDGE_TO_HEDGE.png
10 Sep 22,"PLEDGE TO HEDGE
Hoseok Lee
6B+. You graded this problem 6B+.
Feet follow hands
You rated this problem
Flashed
40° MoonBoard",./images/PLEDGE_TO_HEDGE.png
10 Sep 22,"TESS WIDE
Ben Moon
6C. You graded this problem 6C.
Feet follow hands
You rated this problem
Flashed
40° MoonBoard",./images/TESS_WIDE.png
10 Sep 22,"JUST ANOTHER DAY
Reuben Mardan
6C. You graded this problem 6C.
Feet follow hands
Project (1)
40° MoonBoard",./images/JUST_ANOTHER_DAY.png
10 Sep 22,"MOON CASTLE
Ben Moon
6C. You graded this problem 6C.
Feet follow hands
Project (3)
40° MoonBoard",./images/MOON_CASTLE.png
08 Sep 22,"PLEDGE TO HEDGE
Hoseok Lee
6B+. You graded this problem 6B+.
Feet follow hands
You rated this problem
Flashed
40° MoonBoard",./images/PLEDGE_TO_HEDGE.png
08 Sep 22,"TESS WIDE
Ben Moon
6C. You graded this problem 6B+.
Feet follow hands
You rated this problem
Flashed
40° MoonBoard",./images/TESS_WIDE.png
08 Sep 22,"DSTYLE
hamad_climbs
6B+. You graded this problem 6B+.
Feet follow hands
Project (1)
40° MoonBoard",./images/DSTYLE.png
08 Sep 22,"FIRST SET: PINCH 'N' INCH
Melissa Clements
6C. You graded this problem 6C.
Feet follow hands
Project (3)
40° MoonBoard",./images/FIRST_SET:_PINCH_'N'_INCH.png
08 Sep 22,"TESS
Ben Moon
6C+. You graded this problem 6C+.
Feet follow hands
Project (2)
40° MoonBoard",./images/TESS.png
06 Sep 22,"ATTREZZO DI TORTURA
Lorenzo Locatelli
6C+. You graded this problem 6C+.
Feet follow hands
You rated this problem
2nd try
40° MoonBoard",./images/ATTREZZO_DI_TORTURA.png
06 Sep 22,"FULL MOON PARTY
Kyle Knapp
6C. You graded this problem 6C.
Feet follow hands
You rated this problem
Flashed
40° MoonBoard",./images/FULL_MOON_PARTY.png
06 Sep 22,"PLEDGE TO HEDGE
Hoseok Lee
6B+. You graded this problem 6B+.
Feet follow hands
You rated this problem
Flashed
40° MoonBoard",./images/PLEDGE_TO_HEDGE.png
06 Sep 22,"TESS WIDE
Ben Moon
6C. You graded this problem 6C.
Feet follow hands
Project (1)
40° MoonBoard",./images/TESS_WIDE.png
06 Sep 22,"FIRST SET: PINCH 'N' INCH
Melissa Clements
6C. You graded this problem 6C.
Feet follow hands
Project (3)
40° MoonBoard",./images/FIRST_SET:_PINCH_'N'_INCH.png
01 Sep 22,"FULL MOON PARTY
Kyle Knapp
6C. You graded this problem 6C.
Feet follow hands
You rated this problem
Flashed
40° MoonBoard",./images/FULL_MOON_PARTY.png
01 Sep 22,"TESS WIDE
Ben Moon
6C. You graded this problem 6C.
Feet follow hands
You rated this problem
Flashed
40° MoonBoard",./images/TESS_WIDE.png
01 Sep 22,"FIRST SET: PINCH 'N' INCH
Melissa Clements
6C. You graded this problem 6C.
Feet follow hands
You rated this problem
2nd try
40° MoonBoard",./images/FIRST_SET:_PINCH_'N'_INCH.png
01 Sep 22,"ATTREZZO DI TORTURA
Lorenzo Locatelli
6C+. You graded this problem 6C+.
Feet follow hands
Project (3)
40° MoonBoard",./images/ATTREZZO_DI_TORTURA.png
01 Sep 22,"#2 KH
Kyle Hilton
6C+. You graded this problem 6C+.
Feet follow hands
You rated this problem
2nd try
40° MoonBoard",./images/#2_KH.png
01 Sep 22,"紙一重 -KAMI HITOE-
seishirou shirai
6C+. You graded this problem 6C+.
Feet follow hands
You rated this problem
3rd try
40° MoonBoard",./images/紙一重_-KAMI_HITOE-.png
01 Sep 22,"紙一重 -KAMI HITOE-
seishirou shirai
6C+. You graded this problem 6C+.
Feet follow hands
You rated this problem
3rd try
40° MoonBoard",./images/紙一重_-KAMI_HITOE-.png
30 Aug 22,"DSTYLE
hamad_climbs
6B+. You graded this problem 6B+.
Feet follow hands
You rated this problem
Flashed
40° MoonBoard",./images/DSTYLE.png
30 Aug 22,"PULL YASELF UP! YAY
Hoseok Lee
6B+. You graded this problem 6B+.
Feet follow hands
Project (1)
40° MoonBoard",./images/PULL_YASELF_UP!_YAY.png
30 Aug 22,"JUST ANOTHER DAY
Reuben Mardan
6C. You graded this problem 6C+.
Feet follow hands
You rated this problem
Flashed
40° MoonBoard",./images/JUST_ANOTHER_DAY.png
30 Aug 22,"FULL MOON PARTY
Kyle Knapp
6C. You graded this problem 6C.
Feet follow hands
You rated this problem
Flashed
40° MoonBoard",./images/FULL_MOON_PARTY.png
30 Aug 22,"FIRST SET: PINCH 'N' INCH
Melissa Clements
6C. You graded this problem 6C.
Feet follow hands
Project (3)
40° MoonBoard",./images/FIRST_SET:_PINCH_'N'_INCH.png
26 Aug 22,"PULL YASELF UP! YAY
Hoseok Lee
6B+. You graded this problem 6B+.
Feet follow hands
You rated this problem
Flashed
40° MoonBoard",./images/PULL_YASELF_UP!_YAY.png
26 Aug 22,"PULL YASELF UP! YAY
Hoseok Lee
6B+. You graded this problem 6B+.
Feet follow hands
You rated this problem
Flashed
40° MoonBoard",./images/PULL_YASELF_UP!_YAY.png
26 Aug 22,"ACG30
bkkim
6C. You graded this problem 6C.
Feet follow hands
Project (2)
40° MoonBoard",./images/ACG30.png
26 Aug 22,"JUST ANOTHER DAY
Reuben Mardan
6C. You graded this problem 6C.
Feet follow hands
You rated this problem
Flashed
40° MoonBoard",./images/JUST_ANOTHER_DAY.png
23 Aug 22,"KLINGON EASY
Ben Moon
6B+. You graded this problem 6B+.
Feet follow hands
You rated this problem
Flashed
40° MoonBoard",./images/KLINGON_EASY.png
23 Aug 22,"WUTHERING HEIGHTS
Ben Moon
6B+. You graded this problem 6B+.
Feet follow hands
You rated this problem
Flashed
40° MoonBoard",./images/WUTHERING_HEIGHTS.png
23 Aug 22,"DUPLICATE TEST
Richard Chew
6B+. You graded this problem 6B+.
Feet follow hands
You rated this problem
Flashed
40° MoonBoard",./images/DUPLICATE_TEST.png
21 Aug 22,"BANANARAMA
Blake Lehmans
6C. You graded this problem 6B+.
Feet follow hands
You rated this problem
Flashed
40° MoonBoard",./images/BANANARAMA.png
21 Aug 22,"超絶技巧
Takuto Koshiba
6C. You graded this problem 6C.
Feet follow hands
You rated this problem
2nd try
40° MoonBoard",./images/超絶技巧.png
21 Aug 22,"TESS WIDE
Ben Moon
6C. You graded this problem 6C.
Feet follow hands
You rated this problem
2nd try
40° MoonBoard",./images/TESS_WIDE.png
21 Aug 22,"PLEDGE TO HEDGE
Hoseok Lee
6B+. You graded this problem 6B+.
Feet follow hands
You rated this problem
Flashed
40° MoonBoard",./images/PLEDGE_TO_HEDGE.png
21 Aug 22,"ACG30
bkkim
6C. You graded this problem 6C.
Feet follow hands
You rated this problem
3rd try
40° MoonBoard",./images/ACG30.png
21 Aug 22,"BIGGY SMALLS
Alex Arroyo
6C. You graded this problem 6C.
Feet follow hands
You rated this problem
Flashed
40° MoonBoard",./images/BIGGY_SMALLS.png
21 Aug 22,"FIRST SET: PINCH 'N' INCH
Melissa Clements
6C. You graded this problem 6C.
Feet follow hands
Project (2)
40° MoonBoard",./images/FIRST_SET:_PINCH_'N'_INCH.png
21 Aug 22,"HOCUS POCUS
Ben Moon
6C+. You graded this problem 6C+.
Feet follow hands
Project (3)
40° MoonBoard",./images/HOCUS_POCUS.png
21 Aug 22,"JUST ANOTHER DAY
Reuben Mardan
6C. You graded this problem 6C.
Feet follow hands
Project (1)
40° MoonBoard",./images/JUST_ANOTHER_DAY.png
15 Aug 22,"EASY-PEASY LEMON SQUEEZY
Movement Crew
6B+. You graded this problem 6B+.
Feet follow hands
You rated this problem
Flashed
40° MoonBoard",./images/EASY-PEASY_LEMON_SQUEEZY.png
15 Aug 22,"KLINGON EASY
Ben Moon
6B+. You graded this problem 6B+.
Feet follow hands
You rated this problem
Flashed
40° MoonBoard",./images/KLINGON_EASY.png
15 Aug 22,"RISCALDAMENTO TIA 6A
Federico Camboni
6B+. You graded this problem 6B+.
Feet follow hands
You rated this problem
2nd try
40° MoonBoard",./images/RISCALDAMENTO_TIA_6A.png
15 Aug 22,"PULL YASELF UP! YAY
Hoseok Lee
6B+. You graded this problem 6B+.
Feet follow hands
You rated this problem
2nd try
40° MoonBoard",./images/PULL_YASELF_UP!_YAY.png
15 Aug 22,"PULL YASELF UP! YAY
Hoseok Lee
6B+. You graded this problem 6B+.
Feet follow hands
You rated this problem
2nd try
40° MoonBoard",./images/PULL_YASELF_UP!_YAY.png
15 Aug 22,"超絶技巧
Takuto Koshiba
6C. You graded this problem 6B+.
Feet follow hands
You rated this problem
Flashed
40° MoonBoard",./images/超絶技巧.png
15 Aug 22,"FULL MOON PARTY
Kyle Knapp
6C. You graded this problem 6C.
Feet follow hands
You rated this problem
Flashed
40° MoonBoard",./images/FULL_MOON_PARTY.png
07 Aug 22,"BITTER
Riccardo Caprasecca
6B+. You graded this problem 6B+.
Feet follow hands
You rated this problem
2nd try
40° MoonBoard",./images/BITTER.png
07 Aug 22,"WUTHERING HEIGHTS
Ben Moon
6B+. You graded this problem 6B+.
Feet follow hands
You rated this problem
Flashed
40° MoonBoard",./images/WUTHERING_HEIGHTS.png
07 Aug 22,"FLASH GORDON
Kyle Knapp
6B+. You graded this problem 6B+.
Feet follow hands
You rated this problem
Flashed
40° MoonBoard",./images/FLASH_GORDON.png
07 Aug 22,"AN EASY PROBLEM
Brett Duffield
6B+. You graded this problem 6B+.
Feet follow hands
You rated this problem
Flashed
40° MoonBoard",./images/AN_EASY_PROBLEM.png
06 Aug 22,"SALUHALLEN 6
Joakim Aagaerd
6B+. You graded this problem 6B+.
Feet follow hands
You rated this problem
3rd try
40° MoonBoard",./images/SALUHALLEN_6.png
06 Aug 22,"RISCALDAMENTO TIA 6A
Federico Camboni
6B+. You graded this problem 6B+.
Feet follow hands
You rated this problem
Flashed
40° MoonBoard",./images/RISCALDAMENTO_TIA_6A.png
06 Aug 22,"LE UOVA SODE
Ale Alekos
6C. You graded this problem 6C.
Feet follow hands
You rated this problem
3rd try
40° MoonBoard",./images/LE_UOVA_SODE.png
06 Aug 22,"FULL MOON PARTY
Kyle Knapp
6C. You graded this problem 6C.
Feet follow hands
Project (3)
40° MoonBoard",./images/FULL_MOON_PARTY.png
04 Aug 22,"AN EASY PROBLEM
Brett Duffield
6B+. You graded this problem 6B+.
Feet follow hands
You rated this problem
Flashed
40° MoonBoard",./images/AN_EASY_PROBLEM.png
04 Aug 22,"WUTHERING HEIGHTS
Ben Moon
6B+. You graded this problem 6B+.
Feet follow hands
You rated this problem
Flashed
40° MoonBoard",./images/WUTHERING_HEIGHTS.png
04 Aug 22,"WUTHERING HEIGHTS
Ben Moon
6B+. You graded this problem 6B+.
Feet follow hands
You rated this problem
Flashed
40° MoonBoard",./images/WUTHERING_HEIGHTS.png
04 Aug 22,"SALUHALLEN 6
Joakim Aagaerd
6B+. You graded this problem 6B+.
Feet follow hands
You rated this problem
Flashed
40° MoonBoard",./images/SALUHALLEN_6.png
04 Aug 22,"PLEDGE TO HEDGE
Hoseok Lee
6B+. You graded this problem 6B+.
Feet follow hands
You rated this problem
3rd try
40° MoonBoard",./images/PLEDGE_TO_HEDGE.png
04 Aug 22,"EASY-PEASY LEMON SQUEEZY
Movement Crew
6B+. You graded this problem 6B+.
Feet follow hands
You rated this problem
Flashed
40° MoonBoard",./images/EASY-PEASY_LEMON_SQUEEZY.png
04 Aug 22,"EASY-PEASY LEMON SQUEEZY
Movement Crew
6B+. You graded this problem 6B+.
Feet follow hands
You rated this problem
Flashed
40° MoonBoard",./images/EASY-PEASY_LEMON_SQUEEZY.png
04 Aug 22,"LE UOVA SODE
Ale Alekos
6C. You graded this problem 6C.
Feet follow hands
Project (3)
40° MoonBoard",./images/LE_UOVA_SODE.png
04 Aug 22,"FULL MOON PARTY
Kyle Knapp
6C. You graded this problem 6C.
Feet follow hands
Project (3)
40° MoonBoard",./images/FULL_MOON_PARTY.png
04 Aug 22,"BANANARAMA
Blake Lehmans
6C. You graded this problem 6B+.
Feet follow hands
You rated this problem
Flashed
40° MoonBoard",./images/BANANARAMA.png
04 Aug 22,"TESS WIDE
Ben Moon
6C. You graded this problem 6C.
Feet follow hands
You rated this problem
2nd try
40° MoonBoard",./images/TESS_WIDE.png
01 Aug 22,"CAKEWALK
Kyle Knapp
6B+. You graded this problem 6B+.
Feet follow hands
You rated this problem
more than 3 tries (4)
40° MoonBoard",./images/CAKEWALK.png
01 Aug 22,"FAR FROM THE MADDING CROWD
Ben Moon
6B+. You graded this problem 6B+.
Feet follow hands
You rated this problem
more than 3 tries (5)
40° MoonBoard",./images/FAR_FROM_THE_MADDING_CROWD.png
01 Aug 22,"PULL YASELF UP! YAY
Hoseok Lee
6B+. You graded this problem 6B+.
Feet follow hands
You rated this problem
more than 3 tries (4)
40° MoonBoard",./images/PULL_YASELF_UP!_YAY.png
01 Aug 22,"ATAUALPA
Ale Alekos
6C. You graded this problem 6C.
Feet follow hands
You rated this problem
more than 3 tries (4)
40° MoonBoard",./images/ATAUALPA.png
27 Jul 22,"DROP DEAD TENRYU
Shiro Hosojima
6C. You graded this problem 6C.
Feet follow hands
You rated this problem
2nd try
40° MoonBoard",./images/DROP_DEAD_TENRYU.png
17 Jul 22,"AN EASY PROBLEM
Brett Duffield
6B+. You graded this problem 6B+.
Feet follow hands
You rated this problem
Flashed
40° MoonBoard",./images/AN_EASY_PROBLEM.png
17 Jul 22,"WUTHERING HEIGHTS
Ben Moon
6B+. You graded this problem 6B+.
Feet follow hands
You rated this problem
Flashed
40° MoonBoard",./images/WUTHERING_HEIGHTS.png
17 Jul 22,"BITTER
Riccardo Caprasecca
6B+. You graded this problem 6B+.
Feet follow hands
You rated this problem
2nd try
40° MoonBoard",./images/BITTER.png
17 Jul 22,"KLINGON EASY
Ben Moon
6B+. You graded this problem 6B+.
Feet follow hands
You rated this problem
Flashed
40° MoonBoard",./images/KLINGON_EASY.png
17 Jul 22,"FLASH GORDON
Kyle Knapp
6B+. You graded this problem 6B+.
Feet follow hands
You rated this problem
Flashed
40° MoonBoard",./images/FLASH_GORDON.png
