name,sequence
BOTTOM_LINE.,"['G4', 'K5', 'G9', 'H10', 'C13', 'D15', 'E18']"
BUTOLOGIA.,"['F5', 'J9', 'E10', 'I13', 'G15', 'K18']"
ENTER_SANDBAG.,"['I5', 'H9', 'F9', 'I12', 'D13', 'H14', 'D18']"
FAR_FROM_THE_MADDING_CROWD.,"['C5', 'E6', 'E8', 'F11', 'C13', 'D15', 'D18']"
BZ_-_HYPERION.,"['K5', 'J8', 'B8', 'I11', 'E11', 'D12', 'C14', 'B16', 'E18']"
B.O.B..,"['K5', 'J8', 'I10', 'C12', 'H14', 'D15', 'A18']"
LINKSVERSIFFTE_SCH.,"['H5', 'C5', 'A5', 'E8', 'E10', 'I11', 'F14', 'H16', 'E18']"
BORNEO.,"['G2', 'E6', 'G9', 'I10', 'J13', 'G15', 'G17', 'D18']"
FIRST_SET:_PINCH_'N'_INCH.,"['F5', 'C8', 'G9', 'C10', 'G13', 'E14', 'E18']"
CHOSSY_MESS.,"['I4', 'F5', 'I10', 'E11', 'C15', 'E16', 'D18']"
TCA_COMP_1.,"['G4', 'K5', 'J8', 'G9', 'H10', 'E10', 'E12', 'C13', 'D15', 'B16', 'E18']"
KLINGON.,"['G4', 'E6', 'H10', 'E10', 'I14', 'F14', 'F16', 'G18']"
YOU_GET_A_CAR.,"['K5', 'F5', 'E8', 'A9', 'D12', 'C13', 'G14', 'G18']"
MAGGIE’S_PROBLEM.,"['G2', 'K5', 'J8', 'K9', 'H12', 'I14', 'E15', 'E18']"
超絶技巧.,"['F5', 'H10', 'I14', 'F14', 'E18']"
1K.,"['F5', 'G9', 'E10', 'G13', 'E15', 'D17', 'B18']"
BITTER.,"['K5', 'J8', 'G8', 'H11', 'E13', 'E15', 'E18']"
IN_MY_APPROACH_SHOES....,"['G4', 'J8', 'I11', 'J13', 'F14', 'G18']"
OUCH.,"['F5', 'E7', 'G8', 'H10', 'G13', 'E15', 'G18']"
WUTHERING_HEIGHTS.,"['F5', 'J8', 'K11', 'I11', 'G13', 'E15', 'E18']"
TBA_WARMUP_1.,"['H5', 'F7', 'F10', 'E12', 'D17', 'G18']"
FLASH_GORDON.,"['F5', 'J8', 'H11', 'G13', 'E15', 'G18']"
KLINGON_EASY.,"['G4', 'E6', 'H10', 'E10', 'I14', 'F14', 'G18']"
STANDING_ROCK.,"['F5', 'J8', 'H11', 'J13', 'E15', 'B18']"
UH-HUH.,"['K5', 'K8', 'H9', 'I12', 'F13', 'H16', 'D18']"
HOCUS_POCUS.,"['F5', 'H10', 'D11', 'D15', 'B16', 'E18']"
SLIGHTLY_SKEWED.,"['K5', 'J8', 'K11', 'G13', 'I16', 'E18']"
課題2.,"['F5', 'E8', 'C10', 'G14', 'F15', 'I18']"
FOUNDRY_COMP_HARD_2.,"['K5', 'G6', 'G9', 'B10', 'E12', 'E15', 'I16', 'I18']"
FLAPODROM.,"['J5', 'E6', 'H10', 'I14', 'E14', 'I18']"
ACG12.,"['F5', 'A5', 'D9', 'H11', 'F14', 'I16', 'E18']"
SX.,"['G2', 'J5', 'E8', 'I10', 'H12', 'I14', 'E15', 'G17', 'D18']"
FIRST_STEP.,"['K5', 'J8', 'G8', 'I11', 'G13', 'E15', 'E18']"
GESIER.,"['F5', 'I7', 'G8', 'I11', 'E12', 'D17', 'H18']"
SEND_TRAIN.,"['J5', 'E8', 'H11', 'F14', 'G17', 'C18']"
NORTHSIDE.,"['J5', 'H5', 'E8', 'E12', 'B15', 'D18']"
STANDARD_AND_POOR'S.,"['J2', 'F5', 'G9', 'B11', 'E13', 'C15', 'D18']"
S.U.N.,"['G2', 'F5', 'E8', 'H10', 'B11', 'G13', 'E15', 'D18']"
REPEATER.,"['K5', 'J8', 'E8', 'F10', 'D12', 'E15', 'B18']"
RYAN_TEST_1.,"['K5', 'J8', 'K9', 'H11', 'G13', 'I14', 'E15', 'G18', 'D18']"
BACK_TO_BASICS.,"['H5', 'K9', 'H12', 'K14', 'G15', 'G17', 'D18']"
SALTEDBLOCKS_1.,"['F5', 'G8', 'E10', 'G13', 'E15', 'E18']"
MOONWARS_MILLENNIUMFALCON.,"['K5', 'G6', 'B7', 'H8', 'E10', 'E12', 'A14', 'E15', 'G18']"
SWITCHEROO.,"['F5', 'J8', 'I11', 'H12', 'F14', 'H16', 'D18']"
COSMIC_MONSTERS.,"['F5', 'D9', 'B11', 'E13', 'F14', 'G18']"
TESS_WIDE.,"['C5', 'E6', 'E8', 'H10', 'C13', 'D15', 'D18']"
YOURS.,"['C5', 'B6', 'E7', 'I10', 'J13', 'H16', 'K18']"
SALUHALLEN_6.,"['H5', 'E6', 'G9', 'B11', 'G13', 'E15', 'I18']"
IMPROVVISAZIONE.,"['F5', 'J8', 'H11', 'I13', 'C13', 'D15', 'D18']"
BACK_THREE-SOME:_3EA_HAND.,"['B3', 'F5', 'E8', 'E10', 'D12', 'G14', 'E15', 'G18']"
FUN_AS_HECK.,"['F5', 'G8', 'H10', 'G13', 'I14', 'E15', 'D18']"
L'HO_DURO_DURO.,"['I5', 'K9', 'H12', 'H14', 'E15', 'D18']"
MOVING_OUT.,"['C5', 'A5', 'E8', 'C10', 'H11', 'F14', 'K18']"
B.O.B._2.,"['A5', 'E7', 'A9', 'F11', 'C13', 'I14', 'G15', 'K18']"
ACG6_WAS_TOO_HARD.,"['K5', 'H5', 'H10', 'C13', 'E16', 'D18']"
FLOAT_LIKE_A_BUTTERFLY.,"['D5', 'A5', 'B8', 'C10', 'H11', 'E15', 'G18']"
THE_SPLATTER_EFFECT.,"['B3', 'D5', 'E8', 'B11', 'E12', 'C13', 'I14', 'H16', 'K18']"
RAINY_DAY.,"['B3', 'A5', 'B7', 'B9', 'F11', 'B11', 'F14', 'I16', 'G18']"
SOLIDARITY.,"['K5', 'J8', 'B9', 'H10', 'G13', 'C13', 'D17', 'B18']"
WHAAAAT.,"['G2', 'J5', 'F7', 'H10', 'G13', 'I14', 'E15', 'E18']"
DUPLICATE_TEST.,"['G2', 'F5', 'G8', 'D9', 'H11', 'D12', 'H14', 'E15', 'E18']"
V4_GUMBY.,"['F5', 'C7', 'D10', 'C13', 'G14', 'E15', 'E18']"
LEAN_BACK.,"['K5', 'J8', 'E8', 'F11', 'C13', 'D16', 'G18']"
HAVE_FUN_3P0.,"['K5', 'G8', 'H10', 'G13', 'E15', 'B16', 'B18']"
EVERT_DAY.,"['J2', 'F5', 'H8', 'E10', 'G12', 'F14', 'I16', 'G18']"
7A_TOO_MUCH.,"['C5', 'A5', 'E8', 'E10', 'I12', 'G15', 'J16', 'E18']"
EASY_DOES_IT.,"['F5', 'K7', 'C7', 'F11', 'E12', 'I14', 'H16', 'I18']"
KEMAL'S_VAR.,"['J5', 'G8', 'F10', 'F12', 'J13', 'H16', 'G17', 'D18']"
GRAB_THE_D.,"['H5', 'K6', 'J8', 'H11', 'E13', 'F15', 'D18']"
SAR&MAR-BEAR_CLIMB.,"['F5', 'E8', 'H10', 'E10', 'G13', 'E13', 'E15', 'G17', 'E18']"
DSTYLE.,"['F5', 'E8', 'C10', 'F11', 'F14', 'G18']"
PULL_YASELF_UP!_YAY.,"['F5', 'C7', 'D9', 'B11', 'E13', 'B15', 'D18']"
#2_KH.,"['K5', 'H5', 'J9', 'E10', 'F14', 'H16', 'E18']"
"RIGHTNESS,_PT.3.","['H5', 'J7', 'I10', 'I12', 'E15', 'H18']"
SALUHALLEN_4.,"['B3', 'A5', 'B8', 'F11', 'C13', 'E15', 'E18']"
TWOFISH.,"['G2', 'F5', 'E8', 'H10', 'G13', 'F14', 'G17', 'E18']"
PIECE_OF_CAKE_FOR_YAYA.,"['I5', 'E6', 'E8', 'B10', 'D12', 'C13', 'E15', 'E18']"
UP_AND_OVER.,"['G4', 'F5', 'H10', 'E10', 'G13', 'E15', 'G18']"
AMPHORA.,"['F5', 'G9', 'C10', 'F14', 'I16', 'G18']"
GRAVITY'S_RAINBOW.,"['K5', 'J8', 'E10', 'I13', 'E15', 'D17', 'B18']"
OVN.,"['K5', 'J9', 'F10', 'F14', 'I16', 'E18']"
HOLD_THE_SWING.,"['J5', 'E6', 'G9', 'E12', 'I14', 'E14', 'I18']"
WARM_UP_NO._8.,"['F5', 'J8', 'I10', 'J12', 'F13', 'I16', 'E18']"
SALTEDBLOCKS_2.,"['K5', 'F7', 'I11', 'F14', 'E18']"
LE_UOVA_SODE.,"['F5', 'J8', 'I10', 'I12', 'E13', 'I14', 'G18']"
BISCUITS_AND_GRAVY.,"['F5', 'E8', 'C10', 'F11', 'J13', 'E13', 'K16', 'H16', 'K18']"
I'M_NOT_A_SETTER.,"['F5', 'G9', 'H10', 'E13', 'D15', 'A18']"
MAGNUM.,"['F5', 'B8', 'B11', 'A12', 'G13', 'E13', 'G18']"
ELANOMOUS.,"['B3', 'C7', 'C10', 'F11', 'F14', 'I16', 'G18']"
I_LOVE_ROCK_AND_ROLL.,"['J5', 'E8', 'G9', 'F11', 'I14', 'E16', 'I18']"
EZ.,"['G2', 'F5', 'G8', 'E10', 'G12', 'E15', 'G18']"
LA_PRESA_DI_COSTANTINOPOL.,"['I6', 'E6', 'G8', 'E10', 'E12', 'A14', 'D18']"
DR._PINCH.,"['C5', 'A5', 'E8', 'E10', 'G13', 'E14', 'D18']"
WARMUP_FOOT_CUT.,"['K5', 'F7', 'G9', 'E10', 'E12', 'C13', 'D15', 'B16', 'D18']"
FORSØK_25.,"['J5', 'C5', 'E6', 'H8', 'E8', 'E12', 'A14', 'D18']"
HATHA_YOGA.,"['B3', 'A5', 'C7', 'F9', 'D10', 'F12', 'C14', 'E16', 'C18']"
AN_EASY_PROBLEM.,"['F5', 'E8', 'H10', 'G13', 'E15', 'G18']"
POPIFRESCO.,"['G2', 'E6', 'G9', 'C10', 'C13', 'D15', 'D18']"
APOLOTE_BITE.,"['G2', 'F5', 'C7', 'D10', 'D12', 'F14', 'E15', 'G18']"
NO_FOOT.,"['I6', 'D6', 'E8', 'I10', 'E13', 'F15', 'D18']"
UH-HUH_WRONG.,"['K5', 'K8', 'H9', 'I12', 'G15', 'H16', 'D18']"
AB3.,"['C5', 'E6', 'E8', 'H10', 'F13', 'G14', 'E16', 'I18']"
LORD_REIDUN.,"['G2', 'F5', 'H8', 'E8', 'H10', 'G13', 'E13', 'E15', 'G17', 'E18']"
DIVESTMENT_PLAN.,"['J2', 'F5', 'G9', 'F11', 'B11', 'C13', 'I14', 'G17', 'K18']"
PROBLEM#90.,"['K5', 'H5', 'K9', 'K11', 'B11', 'G13', 'E15', 'B18']"
SISÚ.,"['F5', 'G9', 'C10', 'C13', 'E16', 'D17', 'I18']"
A_LITTLE_CROSSING.,"['G4', 'J5', 'E8', 'G9', 'H12', 'K14', 'H16', 'I18']"
TOODLE.,"['G4', 'E8', 'G9', 'C13', 'E14', 'D18']"
SLAB_TRAINING.,"['G4', 'E6', 'E8', 'A9', 'C12', 'E14', 'A14', 'D18']"
ATTIC_V_-_2.,"['F5', 'E8', 'B10', 'D12', 'E13', 'I14', 'H16', 'K18']"
POGO.,"['J5', 'E6', 'G9', 'C13', 'I14', 'G18']"
ATTREZZO_DI_TORTURA.,"['G2', 'E6', 'G9', 'E11', 'A14', 'E16', 'D17', 'I18']"
WAITING_FOR_HARDTIMES.,"['G4', 'J5', 'E6', 'E8', 'B10', 'E13', 'E16', 'I18']"
UP!!!.,"['F5', 'H10', 'G14', 'D15', 'E16', 'D18']"
ASTRO_CREEP.,"['J5', 'G6', 'G9', 'E12', 'E16', 'I18']"
MARK2.,"['K5', 'J8', 'H11', 'G13', 'E15', 'G18']"
SOPHIE'S_QUESTIONS_(V3).,"['G2', 'F5', 'G8', 'E10', 'F11', 'G13', 'E16', 'G17', 'D18']"
272966.,"['K5', 'J8', 'H11', 'I14', 'G15', 'K18']"
LEAP_CREEP.,"['F5', 'C5', 'E10', 'H12', 'F14', 'G18']"
WARM_UP_1031.,"['F5', 'A5', 'E10', 'H11', 'F14', 'I16', 'E18']"
1817.,"['K5', 'H5', 'F7', 'J10', 'E11', 'E13', 'B16', 'A18']"
DSTYLE_NEW.,"['G4', 'E8', 'F11', 'F14', 'G18']"
CROSSOVER.,"['H5', 'F5', 'G9', 'F11', 'E12', 'A14', 'D18']"
HER_COMES_THE_KING.,"['F5', 'E8', 'A9', 'F11', 'A14', 'D17', 'E18']"
SURESHOT.,"['J5', 'F5', 'G9', 'F11', 'J13', 'H16', 'I18']"
ATTILALALA.,"['F5', 'K7', 'I10', 'E12', 'I14', 'H16', 'K18']"
SHOULD_OF_STAYED_AT_HOME.,"['B3', 'A5', 'E8', 'E10', 'H12', 'E15', 'E18']"
7STÖCKE.,"['G4', 'J7', 'F7', 'H10', 'E10', 'G13', 'I14', 'E15', 'I18']"
SOURKRAWT.,"['F5', 'H10', 'F14', 'G18']"
PURGATORY.,"['G2', 'F5', 'I8', 'E8', 'B10', 'E12', 'F14', 'I16', 'I18']"
PLEDGE_TO_HEDGE.,"['F5', 'E8', 'C10', 'F11', 'E13', 'F15', 'D18']"
LOW_CARB_VAR.,"['K5', 'G8', 'D9', 'H11', 'E13', 'B16', 'E18']"
WARM_UP_FINGAS_VERSION_2.,"['K5', 'I5', 'J8', 'H11', 'G13', 'E15', 'G18']"
TESS.,"['I5', 'F5', 'F9', 'C10', 'F11', 'C14', 'E18']"
¡APUNT****!.,"['G2', 'B3', 'F5', 'E8', 'G9', 'E10', 'G13', 'D13', 'E15', 'G18']"
BRZÓZON_2.,"['K5', 'J8', 'H10', 'G13', 'C13', 'D15', 'A18']"
EAT_THY_CAKE.,"['G2', 'I5', 'D5', 'G8', 'D10', 'E13', 'F14', 'I16', 'G18']"
SQUINCHER.,"['J5', 'H8', 'G9', 'F11', 'C13', 'D15', 'D18']"
HOOK_IT.,"['I5', 'E6', 'H8', 'C8', 'F11', 'C13', 'D15', 'A18']"
HUGO_ELIMINATE_CLEAN.,"['F5', 'J8', 'I10', 'I14', 'G18']"
RISCALDAMENTO_TIA_6A.,"['F5', 'E8', 'B10', 'D12', 'A14', 'D18']"
PROJECT_PAR_PAR.,"['G4', 'F5', 'I7', 'J8', 'H11', 'G13', 'E15', 'G18']"
FULL_MOON_PARTY.,"['K5', 'J8', 'H11', 'I13', 'E15', 'D17', 'B18']"
WARM_UP_NO._10.,"['F5', 'E8', 'B8', 'D11', 'E12', 'I14', 'G17', 'K18']"
TIC-TAC-TOES.,"['H5', 'E6', 'G9', 'C10', 'E12', 'A14', 'D15', 'B18']"
QUARANTINE_#4.,"['H5', 'E6', 'E8', 'A9', 'E12', 'B15', 'D18']"
MOON_CASTLE.,"['K5', 'I5', 'G9', 'D10', 'E12', 'B13', 'E16', 'D18']"
EASY-PEASY_LEMON_SQUEEZY.,"['K5', 'J8', 'I10', 'I14', 'E15', 'I18']"
HON'S_WAY_TO_HELL.,"['F5', 'H10', 'C13', 'G14', 'D18']"
TE_GUSTA?.,"['F5', 'E8', 'C10', 'E12', 'G15', 'E18']"
SB_WARM_UP_(6A).,"['J5', 'F5', 'H8', 'C10', 'G13', 'F14', 'G17', 'D18']"
JUST_ANOTHER_DAY.,"['J5', 'F5', 'J8', 'K11', 'I12', 'I14', 'E15', 'E18']"
TIJUANA.,"['B3', 'A5', 'C7', 'E10', 'D11', 'G14', 'E16', 'I18']"
DRAWING_BOARD.,"['J5', 'G8', 'C10', 'G13', 'C15', 'E18']"
COMME_NEIGE_AU_SOLEIL.,"['F5', 'F10', 'E13', 'B16', 'B18']"
紙一重_-KAMI_HITOE-.,"['G2', 'E6', 'H10', 'F14', 'G17', 'D18']"
BIGGY_SMALLS.,"['F5', 'H10', 'F14', 'G17', 'D18']"
E-Z_CHEESE.,"['G4', 'E8', 'H10', 'H12', 'J13', 'G15', 'H16', 'D18']"
GESIER-RIGHT_HAND.,"['K5', 'I7', 'G8', 'I11', 'E12', 'D17', 'H18']"
THE_SENDTRAIN.,"['G4', 'G6', 'J7', 'G9', 'E12', 'I14', 'G15', 'I18']"
WARM_ME_UP.,"['F5', 'B7', 'G8', 'E10', 'D12', 'B13', 'F14', 'E15', 'H16', 'I18']"
ARIGGARI.,"['F5', 'F9', 'B11', 'C13', 'I14', 'G18']"
HORSESHOE.,"['J5', 'J7', 'H10', 'G14', 'G17', 'D18']"
1.,"['I5', 'F5', 'J8', 'G8', 'I10', 'K11', 'J13', 'I14', 'H16', 'G18']"
CONFIDENCE_BOOST.,"['I5', 'F5', 'J8', 'K11', 'H12', 'I14', 'G18']"
COBIA.,"['F5', 'G9', 'B11', 'E12', 'A14', 'D15', 'D18']"
(*)(*)FAKE.,"['F5', 'E8', 'H11', 'F15', 'D18']"
CIAO_BAMBINO.,"['G2', 'F5', 'F9', 'I11', 'E13', 'E15', 'B18']"
SPOONBILL.,"['G2', 'I6', 'E7', 'F10', 'G13', 'E15', 'D17', 'B18']"
YAYABLACK.,"['J5', 'H5', 'J7', 'E8', 'H10', 'C13', 'D15', 'D18']"
BURNING_SENDERS.,"['F5', 'E8', 'H10', 'G13', 'I15', 'E16', 'E18']"
ATAUALPA.,"['K5', 'J8', 'I11', 'F14', 'I16', 'E18']"
DOUBLE_CROSS.,"['K5', 'G6', 'E8', 'B10', 'D12', 'E15', 'I16', 'I18']"
課題24.,"['F5', 'J8', 'B9', 'I10', 'E13', 'F14', 'B16', 'D17', 'A18']"
AMBERJACK.,"['F5', 'E8', 'B11', 'E13', 'E15', 'D17', 'B18']"
VORTEX_ORIGINAL.,"['F5', 'J8', 'I12', 'F14', 'E18']"
ONE_SUMMER_EASY.,"['H5', 'J8', 'E10', 'E12', 'G15', 'D15', 'H16', 'K18']"
DISPENSORY.,"['F5', 'D9', 'B11', 'G13', 'I16', 'G18']"
CALLA.,"['G4', 'E8', 'H10', 'F13', 'G14', 'E16', 'I18']"
V4_FLASH.,"['F5', 'G9', 'B11', 'G13', 'E15', 'I18']"
GETTING_FINGERS_READY.,"['F5', 'C7', 'D10', 'C12', 'E13', 'E15', 'G18']"
GRIFETE_HANDS.,"['K5', 'K9', 'H11', 'F14', 'H16', 'D18']"
NIMBUS.,"['K5', 'I5', 'I10', 'E10', 'G13', 'E15', 'I18']"
NUT.,"['F5', 'E8', 'J9', 'H10', 'G13', 'I16', 'G18']"
MAFFEI.,"['J5', 'E8', 'E12', 'A14', 'D18']"
VIVA.,"['K5', 'K8', 'H9', 'K12', 'G13', 'I16', 'E18']"
USE_THOSE_FEET.,"['G2', 'K5', 'J8', 'E8', 'H10', 'G13', 'E16', 'E18']"
YOU'RE_AMAZING.,"['A5', 'D6', 'E8', 'D10', 'H11', 'F14', 'G18']"
FEET_CUTTING_VAR.,"['I5', 'H9', 'I12', 'E15', 'D18']"
AB5.,"['F5', 'E8', 'C10', 'E11', 'C13', 'E15', 'D17', 'G18', 'E18']"
AB1.,"['G4', 'E6', 'E8', 'A9', 'E12', 'A14', 'D15', 'A18']"
FORSØK_17.,"['G2', 'K5', 'J8', 'E10', 'I13', 'F14', 'G18']"
BLUEFISH.,"['F5', 'E8', 'B10', 'E12', 'C13', 'D15', 'B16', 'B18']"
CATCH'M.,"['F5', 'E8', 'H10', 'G13', 'I16', 'E18']"
MOONING.,"['F5', 'E7', 'A9', 'K12', 'E12', 'F14', 'G17', 'D18']"
BASTION.,"['J5', 'H5', 'E8', 'F11', 'E12', 'B12', 'B15', 'E16', 'G17', 'I18']"
TRAINING_WHEEL.,"['G2', 'E6', 'G9', 'E11', 'A14', 'D15', 'A18']"
SHAKEDOWN_STREET.,"['A5', 'D6', 'B8', 'F11', 'B11', 'I14', 'E15', 'I18']"
AL_A_GAIT_OR?.,"['G2', 'F5', 'G8', 'C10', 'D12', 'C14', 'D17', 'B18']"
WIFE'S_RATH.,"['G2', 'F5', 'E8', 'H10', 'G13', 'I14', 'E16', 'G18', 'E18']"
SLOWLY.,"['H5', 'E6', 'H8', 'E10', 'G13', 'I16', 'G18']"
BZ_-_MYSTIC_RHYTHMS.,"['K5', 'J8', 'I11', 'E13', 'I16', 'E18']"
REMO.,"['G4', 'E8', 'D10', 'B13', 'D16', 'A18']"
DANIELSAN.,"['J5', 'H5', 'J8', 'K11', 'G14', 'J16', 'G18']"
SOFT_THE_PUZZLE.,"['J5', 'E6', 'G9', 'I12', 'F14', 'H16', 'E18']"
HARD_TIMES.,"['G4', 'J5', 'E6', 'E8', 'B10', 'E12', 'E16', 'I18']"
FINGER_LICKIN_EASY.,"['B3', 'E8', 'E10', 'G13', 'H16', 'G18']"
BANANARAMA.,"['F5', 'E8', 'B10', 'E12', 'E15', 'I18']"
PHO_MAI.,"['K5', 'J8', 'H11', 'E13', 'A14', 'E18']"
BINGO_WAS_HIS_NAME.,"['A5', 'E7', 'C10', 'H11', 'F14', 'G18']"
DES_GROS_CUTLOOSE_PAS_RAP.,"['I4', 'E8', 'F11', 'C13', 'E18']"
ACG30.,"['C5', 'G6', 'E8', 'F11', 'D11', 'I14', 'G15', 'I18']"
2.,"['G2', 'F5', 'H10', 'G13', 'E15', 'G18']"
WARMING_UP.,"['F5', 'H10', 'E13', 'E15', 'D18']"
TIPI_DA_SALETTA.,"['K5', 'J8', 'E8', 'F11', 'E13', 'H16', 'E18']"
MAN_WALKS_DOWN_THE_STREET.,"['H5', 'E6', 'E8', 'B10', 'E12', 'B15', 'E16', 'A18']"
